trackID,songID,artist,song
TRREPNB128F42B1ED5,SOIJALS12A8C13E670,Asylum Street Spankers,Banks of the Ohio
TRREPCP128F425C68C,SOIIUMW12A8C139706,Butthole Surfers,"Helicopter (From ""Widowermaker!"")"
TRREPGK12903CA9CBA,SODFOFG12AB0184C0E,Jamie Lidell,Little Brother [Original by Grizzly Bear]
TRREPDE128F92F15B7,SOAJKVR12A8C142DFC,Daniel Boone,Beautiful Sunday
TRREPAM128F4247020,SOXPTIJ12A8C133B4E,Kayah,Jestem Kamieniem
TRREPCD128F92DF19B,SOIPFWH12A8C1411F3,Babylon Disco,I'm Not a Nerd (Nerds Are Smart)
TRREPZP128F4294F25,SOVGXVJ12A8C141C0C,Pablo Francisco,Aaron Neville / R&B Music
TRREPAL128F932940A,SORURTF12AB0180670,Cephalgy,Kaltes Herz
TRREPFH128F42679A6,SOPXUMH12A8C13836B,Alex Fong,Sha Gua
TRREPYD128F428017A,SODFVVQ12A8C138384,Punchdrunk,Crow
TRREPVN128F931096F,SOMPVUH12AB01843A9,The Insects,Marmot (Recorded around the singing of a Mongolian nomad on the Siberian plain.)
TRREPZV128F9316F9C,SOGBDBW12AB01807CB,Crazy Frog,I Wanna Rock the Place
TRREPZS128F42A3E0F,SOELQBI12A8C13EC64,Lenny Escudero,Mientras Pasa El Rio
TRREPUL128F9336EF7,SOXJEVF12AB0188337,The Sails,She Is All That Matters
TRREPNP128F933A200,SOFAKPC12AB01818F1,CSO,Lord of Fire
TRREPID128F427D9A1,SOVTUNS12A8C13C7B2,Sindicato Argentino Del Hip Hop,Sangre_ Sudor Y Furia
TRREPOG12903D04AE9,SOPUINU12A58A7A7AC,Paul Wall,Look At Me Now [Screwed] (feat. Yung Chill)
TRREPNE128F1472B75,SOGCZAO12A6D4F6F2C,Barbara Morgenstern,Gute Nacht
TRREPBJ128E07878BF,SOQRHQD12A6701C448,Bob James,"...stop that!"" (Album Version)"
TRREPDU128F42632D6,SOOUUYC12A8C1372E2,Tony Thomas,feel me
TRREPLM12903CBC55B,SOVMURQ12AB01863B9,Chrisinti,What About Us
TRREPZI128F932E20B,SOSXZSG12AB018163F,Gemelli Diversi,Tunaizdanait
TRREPEH128F92CBC77,SOBUHXD12A8C13F8FF,Tommy Sparks,I'm A Rope
TRREPXE128F9337889,SOHSKRR12AB0184844,The Performers,Fireworks
TRREPYE128F1471332,SOTOXRM12A6D4F882B,Los Lunes Que Quedan,Ganas De Sonreir
TRREPKM128F9304FAF,SOEVLCF12AB01812C5,Neon Neon,Dream Cars
TRREPAN128F92CEAA1,SOMACCK12A8C14129C,Pop Will Eat Itself,Can U Dig It?
TRRETLB128F4251054,SOEGIAZ12A8C138B7E,Gorod,Thirst For Power
TRRETZU128F92EBD8F,SOTKWUN12A8C144F99,Dio,Death By Love
TRRETKW128F4279C55,SOXZUSU12A8C133D40,Xzibit,Paul
TRRETJL128F4292465,SOEVRTQ12A8C13DFFF,Will Ackerman,Bricklayer's Beautiful Daughter
TRRETEL12903CC21F0,SOOPDRJ12A58A7C846,Ocote Soul Sounds & Adrian Quesada,Cara de Yo No Fui (Ancient Astronauts remix)
TRRETLV128F932E443,SOCKHBC12AB01896EA,Tony Murena,C'est Bon D'aimer
TRRETBG128F932D461,SOJXSMH12AB01857B2,Hack Mack Jackson,Killer
TRRETMP128F93481AB,SOMFRQY12AF72A4BBD,Korpiklaani,ErÃ¤maan Ã„rjyt
TRRETLA12903CABFBF,SOVRGCA12AB018CBFE,Roberto Jordan,El Mensaje (Gotta Get A Message To You)
TRRETVE128F4290B0C,SOKZRSH12A8C13CA3D,Adonis,No Way Back (Vocal Mix)
TRRETPS12903CF5BE8,SOJMZGY12AC468A0B7,Nocturnus,Standing In Blood
TRRETYX128F93016F5,SOAXUNK12AB017DAD4,Humble Pie,Ollie_ Ollie
TRRETRH12903CA9091,SODWOGN12AB0183E58,Cross Stitched Eyes,Cast Out
TRRETCX128F1486BAA,SOAIAJK12A6D4F9D1D,Miguel Calo,Disco Rayado
TRRETDG128F14548E9,SOHNFYZ12A6D4F7957,Khaled,Zine Zina
TRRETAD128F424C24C,SORGFQH12A8C136B52,Show Of Hands,Mr. Mays/Gloucester Hornpipe
TRRETWD128F423C1EA,SOBGEKX12A8C133102,Klubheads,Disco Hoppin
TRRETKN128F930D1E5,SOVJGBN12AB017FDF4,Staggered Crossing,What I Said
TRRETNY12903CC7849,SOPTCUQ12AB018BDEB,Cirrus,Captain Cocktail
TRRETNH128F42477E0,SOVGKOJ12A8C133588,Paul Winter,Night Into Dawn
TRRETWP128F92F29B0,SOZDUKM12A8C1442F9,New Philharmonia Orchestra,Symphony No. 2 in D_ Op. 45: III. Adagio traquillo
TRRETWZ12903CC40E0,SOHNCXI12AB0189D3E,La HÃºngara,No vuelvo contigo
TRRETFZ128F423A7E1,SOXRJNQ12A8AE491FB,Julie Miller,Manger Throne
TRRETST128EF3500F5,SOCNSQZ12A6D22716E,Sex Pistols,No Lip
TRRETFJ128F42679BF,SONDVHE12A8C131BAF,Frank Marino & Mahogany Rush,All Along The Watchtower
TRRETLR128F4244DE7,SOIJXNP12A8C13658A,Masters Of The Hemisphere,The Sun in the Afternoon
TRRETNU128F428167B,SOAMLPO12A8C13D4B0,Vaughn Monroe,Dreamy Old New England Moon
TRRETMJ128F9349847,SOVWLYX12AB0183AB0,Musafir,Run Jun Yale
TRRETKN12903CF832F,SOABOLA12AC3DF6B60,Menskes ChÃ¶re,Inmitten der Nacht
TRRETRD128F933634B,SOGQBUT12AB0186E2F,The In Crowd,More Employment
TRRETXC128F92DCCD5,SOIUGRZ12AB018297B,Roy Milton,Information Blues
TRRETAR128F4296998,SOOXSZT12A58A773B9,Ominous DJ's,Kal Gal Hor See
TRRETEG128F9326CC1,SOVEYKL12AB017D51D,Skeletal Family,The Night
TRRETPN12903CF8DEE,SOIFHRV12A58A7A65B,Shadows Fall,The Idiot Box
TRRETNX12903CC6D89,SOLCYGA12AB018E03C,Michael Gill,Colorado
TRRETCF128F9343FB8,SOSNBUY12AB0188DB6,The Paragons,Love Vibration - Original
TRRETJK128F931FEC8,SOYNFHF12AB0180950,The Heart Throbs,Tiny Feet (Reprise)
TRRETRH128F147340F,SOHPQJW12A6D4F84B0,Young Bleed/Mystikal/Master P,Bring The Noise (Explicit)
TRRETWN128F92D098B,SOVMJQB12A8C142EC2,Ilsa Gold,Eggs They See
TRRETUT12903CC53C2,SOPZHKT12AB0187AB8,Visible Wind,Nothing Left to Hide
TRRETAM128F92EC26A,SOUPBOM12AB0181A25,Oh My God,(Fools Want Introductions)
TRRETSQ128F42AF435,SOMLBHF12A58A77A93,Ruben Studdard,Ain't No Party
TRRETPD128F4265577,SOGICZS12A8C134CD9,Laura Nyro,Map To The Treasure
TRRETYL128F930795F,SOUARPM12AB0184929,The Bears,Man Behind The Curtain
TRRETNZ128F92D2905,SOWDCEW12A8C14462A,Tracy Gang Pussy,Pretend
TRRETPJ128F423424B,SOLYLOO12A8AE45876,Betty Everett,The Shoop Shoop Song (It's In His Kiss)
TRRETYB128F425DAA4,SOGKUTK12A8C137D06,Arab Strap,If Theres No Hope For Us
TRRETZQ128EF3620AD,SOFMAJA12A6D4F7491,Passi Falsi,Sopra Una Nuvola
TRRETUW12903CE1B85,SOIPYNU12AB0187D48,Waiting For Words,Here comes the shame
TRRETOG128F4238C77,SOUEPMC12A81C220B8,Ice Mc,Nothing To Say
TRRETEB128F9345328,SOBVGAJ12AB0183DA8,Future Beat Alliance,LumiÃ¨re
TRRETZR128F424FB9F,SODJGTE12A6D4FC0F0,Fanfare Ciocarlia,Nicoleta
TRRETCO128F4265A4A,SOWEOLG12A8C131E6B,Foy,Progression
TRRETPT128F92DE101,SOOKLFR12AB017C184,Hardwell,Windmill
TRRETBX128F9326CD0,SOIRRWA12AB017EDFE,Ausgang,King - Hell
TRRETSY12903CB7E55,SOBIFRD12AB018B79F,Leventina,Attitude
TRREULZ128F92F4BC0,SODFAJT12AB0180251,Delbert McClinton,Lord Knows I've Tried
TRREUKD128F9328C01,SOOIZPZ12AB01815A4,The Radiators,Million Dollar Hero
TRREUAR128F9322E56,SOZVCSO12AB018613A,Nicole Paquin,Tu Es Venu
TRREUMM128F426B7A0,SOINIVE12A8C133DB3,Tina Ann,I Do
TRREUNL128F4246AB5,SOVPUYL12A8C134A24,Sixteen Horsepower,Clogger
TRREUWI128F428E8D4,SOCHINR12A8C13D2A5,Fist,Brain Damage
TRREUHM12903C9ED21,SOTKIZP12AB0186DEF,DJ X-Change,BedRock
TRREUBU128F4256FDD,SOAUYOK12AF72AB1F6,Solitude Aeturnus,Essence Of Black
TRREUXK128F9330954,SOALNLY12AB01833DA,Too Strong Feat. Onanon,Keine Faulen Tricks
TRREUOI12903CDD861,SOWZWUC12AC3DF81C0,Tony Trischka,Trompe de LOreille
TRREUWX128F92E0A1F,SOMTAZC12A58A77D50,Lil Keke,Green Thumb Intro (Screwed & Chopped)
TRREUBB128F92D2F34,SOOCKCU12A8C1420D0,David Essex,Funfair
TRREUVL128F92CD8FD,SOYTDVV12A8C141951,BarlowGirl,O Come_ O Come_ Emmanuel (Album Version)
TRREUKS128F429B0B3,SOYCQUB12B0B806246,Portugal The Man,Horse Warming Party
TRREUGO128F92F878D,SOVLAOK12AAF3B4184,ROBERT MIRABAL,Running (Reprise) (World)
TRREUXY128F92F079B,SORVROI12A8C1344EC,Our Lady Peace,Stealing Babies (Featuring Elvin Jones)
TRREURM12903CACCC5,SOUJPNI12AB01876DD,The Strings Of Paris,How Deep Is Your Love
TRREUHF128F427CA35,SOKFAVN12AF729D09B,Acceptance,Seeing is Believing
TRREUXZ128F931EB57,SOPQRBV12AB017CF49,Don Reno & Red Smiley & Bill Harrell & The Cutups,He'll Set Your Fields On Fire
TRREUKZ12903CE8947,SOHEMAO12AC468BC4D,DJ Phiene,Back in Forth
TRREUVF128F426E862,SOILGDE12AF72A659E,Seth Lakeman,Lillywhite Girl
TRREUWZ128F42439BE,SOIOLVQ12A8AE475BD,Exhumed,The ghoul
TRREUCU128F4251AF2,SORWGXW12A8C1367B8,Conflict,A Piss In The Ocean
TRREUTY128F421C2D6,SOMWVNE12A6D4FE347,Beatsteaks,Meantime [Live - Doornroosje/Nijmegen]
TRREUFU128F9328D77,SOSFPTO12AB018724E,No Wait Wait,Roses
TRREUYQ128F4267E71,SOJTBDK12A8C13B6CB,Fat Dog,St tropez
TRREUQZ128F93100A4,SOQRDCB12AB017F0AF,Pomegranates,The Uncanny Terrace Treeclimber
TRREUYB128F932F10E,SOSMMIC12AB0188F30,South Filthy,You Can't Put Me Out
TRREUVM128F14A5986,SOSMARC12A6D4F793C,Jonatha Brooke,Because I Told You So (Album Version)
TRREUCS128F42AC970,SOOVMWV12A8C140BEC,Johan Verminnen,Hallelujah_ Ze Is Van Mij
TRREUEN128F92D155B,SOXKSSH12A8C146952,JOHN COLTRANE,Impressions
TRREUMT128F42374EA,SOZABWV12A81C20672,John Stevens,Don't Get Around Much Anymore (Album Version)
TRREUTK12903CEC408,SOVSIZW12AB018FF78,Alan Parsons,Dr. Evil Edit
TRREUHF128F92C7CE6,SOXJQXO12A8C143CDA,Richard Chartier,untitled
TRREUMO128F9304F06,SOBEPYZ12AAF3B1C5D,The Penguins,Be My Lovin Baby
TRREUUB128F423790A,SOSZISO12A58A7C2A6,Amanda Ghost,Idol (Boy George And Kinky Roland Gulub Dub)
TRREUJH128F42754A7,SOWNETV12A8C13CB98,Harry Pussy,Untitled
TRREUWW128F428D600,SOSTEYW12A8C13DA44,La Tobala,Eres Mi Camino
TRREUBR128F14A9F16,SOQGXHZ12A6D4F9F6F,Peter Schilling,GefÃ¼hlt
TRREUJZ12903CEC66F,SONDRHB12A67ADB164,Sentenced,Under The Suffer
TRREUEV128F4214122,SOFXMEN12A6D4FA208,Los Chichos,ArrincÃ³namela
TRREUVA12903CAEB3F,SOVZZLW12AB01892D8,Doctor Nerve,Our Soldiers Are Soft Pianos
TRREUFH128F42A833D,SONSRGX12A8C13E181,Maurane,J'Ai Toute La Vie Devant Vous
TRREUHH128F931F3AA,SOFPVTG12AB0189221,Gianni Togni,La Fine Del 900
TRREUHX128F146EC39,SOAHJJN12A6D4F861F,Creedence Clearwater Revival,Sweet Hitch-Hiker
TRREUPJ128E0791D96,SOXFTYO12A67020C09,Bryan Adams,The Best Was Yet To Come
TRREUZJ12903CE2E2F,SOLKEPK12AC468D7F2,Feargal Sharkey,To Miss Someone
TRREUXQ12903CC3E96,SOAWGYH12A8C141397,Baby Rasta & Gringo,Avisame
TRREUQO128F93406D4,SOFDSJE12AB0180BF3,HÃ©lio Ziskind,Ã“i Que Coisa Boa
TRREUEK128F9301D45,SOASEYU12A58A7D48B,Claire Hamill,When I Was A Child
TRREUWO128F92EDE2F,SOYPMWS12AB017B5DB,The Number Twelve Looks Like You,Don't Get Blood On My Prada Shoes (Live)
TRREUTW128F426B9DA,SOWBFDQ12A8C13DDA8,Urban Soul,Love Is (Tomo Peace PiPe Remix)
TRREUVL128F9302210,SOUFHUW12AB01855FF,Dan Deacon,Get Older
TRREUEY128F14962B4,SOOUZSZ12A6D4FA2AB,Stevie Wonder,Contract On Love
TRRELLK128F424423E,SOFPAAU12A6D4FB71F,Half Japanese,Do It
TRRELAN128F930E118,SOWVHQY12AB018626F,Amir Sulaiman,Say
TRRELVQ128F93337E8,SOFQUKQ12AB0187CF1,Johnny Dyer,Young Fashioned Ways
TRRELOV128F92F4919,SOVSPMD12A6D4F813B,Guildo Horn,Grosses GlÃ¼ck
TRRELIF128F92F927F,SOKRLQZ12A8C13D997,TonÃ©x,The Good Song
TRRELTV12903D10705,SOQUTGD12AC4685CC0,My Little Airport,You Don't Wanna Be My Girlfriend_ Phoebe
TRRELQN128F424B8A6,SODYILX12A6D4FBE97,Laura Marling,Blackberry Stone (Demo)
TRRELCD128F145A450,SODHZRB12A6D4F733C,Giorgio Moroder / Harold Faltermeyer,Istanbul Opening
TRRELDI128F9339E0D,SOQHGKF12AB0189169,X Marks The Pedwalk,Worthless (Sadness Mix)
TRRELBW128F92F1700,SOKILQF12AB01813E6,Cancerslug,Women & Dope
TRRELZS128F9322299,SOZYVPV12AB017EF7F,Los Straitjackets,Blowout
TRRELQW128F427FB77,SOZRFNL12A8C13956A,Sanseverino,Les SÃ©nÃ©galaises De FÃ©lix
TRRELNK128EF3453A0,SODBPZL12A58A7EAF7,Dub Pistols,Speakers And Tweeters
TRRELHW128F4258A74,SOZMJYN12AF72A8B37,Warren Zevon,She Quit Me (24-Bit Digitally Remastered 02)
TRRELZU128F426A1B6,SOXMFUW12A8C13D98B,La Descente Du Coude,ProthÃ¨ses morales
TRRELTK128F92E1034,SORWBCK12AAF3B47E0,Pacific Gas & Electric,Long Handled Shovel Take 8
TRRELLS128F1475CF9,SOODQAS12A6D4F8743,Michael Whalen,The Wood Cock
TRRELIQ128F932DEE7,SOMPEDA12AB01874D3,Mark Medlock,Forgive Me
TRRELRZ128F429470F,SOJLEVD12A8C14284F,Kyza,Real Rap
TRRELIY12903CEDF82,SOGBQAL12AC3DF5A98,Razors Edge,N.t.s
TRRELJZ128F930D6CA,SOLIAWB12AB0183FAF,Tiziana Ghiglioni,E Venne Il Vento
TRRELZC128E078ED67,SOGDDKR12A6701E8FA,Eminem / Hailie Jade,My Dad's Gone Crazy
TRRELOK128F1471FFF,SOYGTZW12A6D4F8DAF,Mustasch,Frosty White
TRRELLF128F4287691,SOVPVRD12A8C13D658,Basic Channel,The Climax (Basic Reshape)
TRRELZP128F4281903,SOFSGBW12A8C13EE0A,Adam Green,Heart & Soul
TRRELCD128F9313984,SOQDAOM12AB01817FD,Brent Lamb,Only Love Knows
TRRELCQ128F42439A4,SOGBKVQ12A8C133949,Luke Vibert,Analord
TRRELIO12903D10678,SOQPOCN12AC4688B87,Marmalade,Rollin' On
TRRELXP128F4220CE9,SOYTCLT12A6D4FAF17,Simon Harris,100 BPM (Raggastylee)
TRRELBM12903CD1189,SOTFANE12AB018C2A2,Steve Allen,Lost Control
TRRELTA128F423EAF1,SOFLSHN12A8C132A2C,Kristin Hersh,Sundrops
TRRELZQ128F9321B89,SOTLOYZ12AB0186A0F,Jeru The Damaja,War
TRRELNC128F92E0150,SOOGZJC12AB017E902,Daliah Lavi,Jerusalem
TRRELTF128F9358478,SOCJXVV12AB01868BC,Gene Autry,You Can't Be True Dear
TRRELKK128F42625A2,SONNYWD12A8C137143,Bouncing Souls,Manthem
TRRELHT128F4297E44,SOCKASA12A67ADF6DD,The Darkness,Makin' Out
TRRELJA128F932C2F2,SOEEDVI12A8AE47DDB,Die Toten Hosen,The Fly
TRRELBQ128F934ACC9,SONIYMI12AB0182648,Broken Hope,Translucence
TRRELWM128F146AF70,SOVXZUS12A6D4F768A,Liz Phair,Johnny Feelgood (Explicit)
TRRELEB12903D00A11,SOHMTIM12AC3DFA544,Dominici,The Calling
TRRELRY128F147EAFA,SOKSHBS12A6D4F95AB,Moraes Moreira,Felicidade No Ar
TRRELHF128F93046CF,SOQFWLH12AB017CB23,Ed Case;Skin,Good Times
TRRELCF12903CDE108,SOXTZDN12AB018B3DF,Svalastog,Circulation Song
TRRELXP128F146293A,SOYPCPO12A6D4F862B,Pat Travers,Stevie
TRRELYW128F429DD06,SOLJZWU12A8C13D10C,Danger Mouse & Jemini,What U Sittin' On?
TRRELRO12903CEB087,SORPXDF12AC3DF5DD6,Dntel,Rock My Boat (Justus Kohncke Remix)
TRRELAC128F427833C,SOJJZWP12A8C13FD35,Demented Are Go,Holy Hack Jack (In Sickness & In Health album)
TRRELBJ128F427EAC9,SOZJXWO12A8C134BFA,Jeff Beck,Brush With The Blues
TRRELII128F14A52F1,SOKELIM12A6D4FAD20,Diesel,Ready for Love (Album Version)
TRRELQO12903CF6A9F,SODAKRJ12AC95F0638,Enam,Dance From Calito
TRRELCN128F422A8F2,SOFNJAR12A6D4FBFCA,Alex M. vs. Marc van Damme,Stand Up!
TRRELLK12903CE3BE9,SOOILLQ12AB018C3D9,James Ingram,Let Me Love You This Way
TRRELHJ128F425BAA1,SOEQWUL12A8AE46E96,Serrat & Sabina,Despedida
TRRELWB128F149418C,SOKSJCN12A58A7B827,SUPREME BEINGS OF LEISURE,Divine
TRRELVW128F4284FB8,SOAZXKT12A8C1384DB,Angela Bofill,Tonight I Give In
TRRELDW128F93266D0,SOGGDZA12AB0185A85,Juno Reactor,Acid Moon
TRRELRL128F930B0EB,SOEFSXL12AB017EE2C,Azucar Moreno,Piel De Seda
TRRELES128EF35F654,SOTHABW12A6D4F678F,The Wolfgang Press,Bless My Brother
TRRELOZ128F9352507,SOZJRJT12AB0182046,Brandon Schott,...harper?
TRRELTM128F9318C0F,SOUEEYC12AB017DDAC,Krokus,Angel Of My Dreams
TRRELOM128F42669F9,SOIKZOL12A8C138BC5,Nelly & Alibi Montana,Hommes et femmes mode d'emploi
TRRELRS128F428CC9A,SOBUPMV12A8C13E2B0,Estirpe,Mas Azul
TRRELKO12903CB1471,SOVYDEK12AB01840D2,Erja Lyytinen,The Road Leading Home
TRREEHG128F1460C88,SOLRRIM12AB018243B,David Banner,Outro
TRREEDX12903CEAD09,SOJZKRW12AB018BEB7,BOMB THE MUSIC INDUSTRY,Grudge Report
TRREELE128F93132D5,SOADYFZ12AB0185590,The Invisibl Skratch Piklz,Mic Beat Kut
TRREEDA128F92FF83C,SOWZXVO12AB017E7A3,Carter Family,Honey In The Rock
TRREEVA128F9305CEE,SOIIMFP12A58A7C626,Smokey Robinson,That Place
TRREEVL128F92E2429,SOCZPYE12A8C1407D6,DJ Yanny,Redemption
TRREEKW12903CBFABE,SOXVSGG12AB018C066,The Automatic,Insides
TRREERU128F42914D2,SOOXJZX12A8C13DD75,Mortician,Wasteland of Death
TRREEOT128F92D20B7,SOHLHET12A8C1441E4,Gescom,Polarized Beam Splitter
TRREEWE128F426B8CD,SOJMWUY12A8C133243,Ednita Nazario,Y Te Vas
TRREEMW128F42321EF,SOCZUZA12A8159E8A7,Curt Boetcher,I've Been Wrong (LP Version)
TRREESJ128F427CAA5,SOLGPNS12A8C13B46E,Mario Piu,Communication
TRREEIY128F42AA13A,SODICZN12A8C13F4AA,Imagination,In And Out Of Love
TRREEAT128F1493C72,SOWINML12A6D4F87F2,Alice Cooper,Devil's Food/The Black Widow (Live)
TRREEYX128F424FC66,SOVWFJH12A81C214CD,Fool,Seventh
TRREEJD128F92DDAD5,SOWBGHA12A8C142900,Stan Getz Quartet,My old flame
TRREESJ12903CF7C22,SOSYGDO12A8C13F5AF,Jenny Owen Youngs,Voice On Tape (Robot Explosion Mix)
TRREEXF128F428B410,SOBPWIO12A8C13BC47,Millencolin,Punk Rock Rebel (Album Version)
TRREEMT128F1469DE9,SOFLICA12A6D4F82D3,Ras Kass,Grindin' (Explicit)
TRREENW12903CC6113,SOHBYTG12AB018A5E6,Rufus Thomas,No More Doggin' Around
TRREEVV128F14AD3AE,SOEEOAD12A6D4FCD79,David Arnold,Four Brothers
TRREEAB128F426BF67,SODOGXT12A8C13CD31,Jape,I Was A Man
TRREEQF12903CF8A38,SOIKOTD12AC9097698,Claw Hammer,Drop
TRREEDZ128F92CA3C4,SOPTXHJ12A8C1427A4,Dillinger,Natty Kung Fu - Original
TRREEVB128F9334C56,SOLJMHR12AB01824B6,Babbie Mason,Wade In The Water (Studio Track w/o Background Vocals)
TRREEIH12903CB5243,SOCCGPC12AAF3B22CA,Variety Lab,Is this the last time ?
TRREEST12903CA719F,SOHYCAH12AB01863F0,The Foreign Exchange,Be Alright
TRREEVV128F930D143,SOYOFNL12AB017F0D4,Instant Asshole,7th Heaven
TRREEED128F4264A4C,SOMNPIQ12A8C1375F5,DJ Mitsu The Beats,Away (musiclovelife - life Mix)
TRREEWF128F42653C1,SOIGYMQ12A8C139615,Yonder Mountain String Band,Winds O' Wyoming
TRREECR128F428D30D,SOURKHX12CF5F87FE5,Cake,Nugget
TRREERY128F4288FD6,SOGIAQU12AB0189E64,Judge D,Roll Call (Feat. Dirtball)
TRREEBT12903C9ABFB,SOIYXVZ12AB01857B4,Goodie MoB,Sole Sunday [feat. Outkast] (Explicit Soundtrack Version)
TRREEUY12903CC25A8,SOIVYBQ12AB0185E0C,La UniÃ³n,Ideas que conforman el presente
TRREEMW128F4295B5F,SOGQUWE12A58A7A030,Trini Lopez,Dear Heart (Album Version)
TRREETV128F4289AC5,SOPCPYB12A8C13DB14,These United States,Burn This Bridge
TRREEQS128F933ACEB,SOELKPN12A8C138B34,Subway To Sally,MÃ¼de
TRREEQF128F426F026,SOGAFUG12A8C132F55,New Riders of The Purple Sage,Duncan And Brady
TRREEYE128F429B5D1,SOOFOGD12A8C13D520,Within Temptation,Our Solemn Hour
TRREEYG128F427C42A,SOIQRWA12A58A795C7,Fuel,These Things
TRREERP12903C9E866,SOPFMER12AB0187094,Neal McCoy,Ain't Nothin' Like It (LP Version)
TRREEZD128F93234AB,SODGLEC12AB018048A,Fe de Ratas,La ruleta rusa
TRREECB128F14A6C37,SOONOID12A6D4FAC87,Jet Set Productions,Rising
TRREEVM12903CBFE94,SOJSDFK12AB018DA72,Tora Tora,Bad Attitude
TRREEUG128F422CD4C,SOQWJDF12A8AE47134,Stillste Stund,Alice (Der Spiegeltanz) - Remastered
TRREEJG128F9332B59,SOBJCWS12AB0184839,The Cranberries,Promises
TRREJBX12903CE2D5C,SODGOAU12AB018F6AD,Ray Kane,Nani Ho'omana'o
TRREJSA128F423764A,SOJSKYJ12A81C23DD6,Ben E. King,Why Is The Question  (LP Version)
TRREJEE128F145AA2C,SOLJWKQ12A6D4F67D2,Gorky Park,Danger
TRREJKF128F92FAA1D,SOIYGMD12A8C138BC1,Sonny Terry & Brownie McGhee,Poor Man Blues
TRREJBB128F92EC084,SOAOCLN12AB01815B6,Climax Golden Twins,Suite For Imperial Household Orchestra
TRREJZG128F428B24A,SOYAEOH12A8C1393DE,Carolyn Dawn Johnson,Complicated
TRREJQI128F92FA06B,SODZLLR12AB017CF15,Sam Bush,Speak Of The Devil
TRREJWP128F4217A2A,SOGXMDQ12A6D4F9148,Atk,Freestyle 19 (feat. TPS)
TRREJDF128F92F18F9,SOWLTVV12AB017B1EC,Soldier Dolls,No Life Left
TRREJDJ128EF353213,SOQXWDY12A6D4F5FE6,Bill Murk,Have Thine Own Way Lord
TRREJHR128F9321191,SODQYLM12AB01816A9,Sozonov,DOS
TRREJLU128F14899C5,SOZTBVF12A6D4FAA6A,Tormenta,Que Chulos Ojos
TRREJSK12903CA9CB8,SOQNKWE12AB0184C0A,Pivot,Colorado [Original by Grizzly Bear]
TRREJND128F14546F4,SOOOCGR12A6D4F6797,The Move,No Time (2005 Digital Remaster)
TRREJKM128F933B45E,SOJHVUN12AB018463A,Aquagen,Every Day
TRREJUQ128F92DB11D,SOITUKY12AAF3B2168,Gandalf,Somewhere Between Earth And Sky
TRREJSQ128F92FEC4F,SOCKNCX12A58A77DB7,Erik Berglund,Ancient Voices
TRREJGP128F4275CF4,SOONKTT12A8C13C007,Soulfly,Tribe (Album Version)
TRREJXC128F9312E7B,SOWFCZA12AB017FE8D,The Whitest Boy Alive,1517
TRREJFH128F9307DEC,SOPUMTN12AB017DB3F,The Everly Brothers,I Wonder If I Care As Much
TRREJIJ128F42762EE,SOMGDOO12A8C13E820,Love Me Destroyer,Crusher
TRREJHS128F92F7CC0,SODJVHH12AB017CED4,Bunny Brains,Whitewater Bathtub
TRREJLH128F1465D48,SOHZRHF12A6D4F9253,Jacques Higelin,Parc Montsouris (Ã€ Mon PÃ¨re)
TRREJCL128F42A21F7,SOGYFEJ12A8C13CE59,The Levellers,Do It Again Tomorrow [Remastered Version]
TRREJKD12903D07502,SOWIKBT12A58A7A3C3,King Tee,Black Togetha Again
TRREJUN12903CA45A6,SOZTXVB12AB0182957,Raudive,Anyone Here?
TRREJAL12903CB147F,SOOQLOZ12AB0184101,Si Begg,On Ice
TRREJLS128F4264746,SORMFCN12A8C137520,Eat,Summer In The City
TRREJVE128F4295D6A,SOBYTMY12A58A80271,Mothers Pride,Halfway There
TRREJWN12903CD8A11,SOQFKHF12AB0186833,The Shakin' Apostles,Rudy and Yolanda
TRREJBR128F92EF4D0,SOZPDUH12A8C1401A8,The Big Bopper,The Purple People Eater Meets The Witch Doctor
TRREJBY128F9336EFB,SOLXVJB12AB0188346,The Sails,Be Everything
TRREJQT128F424885E,SOPWVDI12A58A79507,Morton Feldman,Only
TRREJSC128F1456660,SOFYRCN12A6D4F8740,Transformer 2,Just Can't Get Enough (Goodfellos Mix)
TRREJAZ128F92F0D5A,SOPKWFL12A8C1427C6,Epileptics,I've Got A Target On My Back
TRREJLZ128F42430A5,SOAUCFS12A8C1338C9,Finn's Motel,Exit Strategy Failed
TRREJAK12903CB6F27,SORBGBD12A8C141CEA,Evanescence,Weight of the World
TRREJNL12903C966C2,SOKKAAB12AB0184543,Bill Quinn,Whispering Hope
TRREJZR128E07968F0,SOHTFGE12A67AE08CB,The Weather Girls,Lady Marmalade
TRREJYS128F423BF73,SOQAQEG12A58A7BBBB,Hamilton Camp,People In A Hurry (Album Version)
TRREJJU128F930FC9B,SOLGUNQ12AB01861D7,Fernando Ortega,Through The Fire
TRREJQN128F4296FD8,SOIOVVA12A8C13EA47,Michael Feinstein,Hello_ Dolly!
TRREJJD128EF36637C,SOYGIIW12A6D4F742F,XLNC,Tappe (Jus Garage)
TRREJTL128F422672F,SOVKLYY12A6D4FA023,Arid,Elegy
TRREJOI128F9333420,SONMCYV12AB01814DA,The Golden Boys,Walkin N' Talkin
TRREJAS128F92CBFA9,SOCMVJN12A8C13FC5B,Duke Ellington And His Orchestra,I Can't Believe That You're In Love With Me
TRREJXJ12903D11184,SORQOBS12AC468A19A,Colossus,Marine Corps FPF - USA Blackhawk UH 60 Helicopters
TRREJWM128F4249410,SOBHZDG12A8C1322AB,The Redlands Palomino Company,She Is Yours
TRREJHC128F4281AF7,SONOVPD12A8C13E52D,The Mighty Hannibal,Hymn No. 5
TRREJMX128F42BA3D2,SOAIMSF12A8C142BE0,Black Box Recorder,Sex Life
TRREJQS128F93383C9,SOSEKIP12A58A7BC2F,Wanessa,Louca
TRREJIF128F9337178,SOFDQBS12AB01838C6,The High Dials,Leaving Alphaville
TRREJLK128F4296BBF,SODXHQE12A8C13C3B1,Mike Francis,Body Thrill
TRREJMT128F9309C05,SODFJVG12AB017E139,Crown City Rockers,Mission: 2 (Rhodes Mix)
TRRESDY128F930447F,SOSKFYC12AB0181445,Severe Illusion,Named after you
TRRESIG128F92EE4DE,SOBJZWD12AAA15E670,Admiral Tibet,Not For You_ Not For Me
TRRESUX128F92FC0CA,SOFLKYN12AB017E298,Tex Williams & Tex Ritter,Hillbilly Heaven
TRRESCS12903CDB198,SOZHGEL12AB018F084,Edge Of Sanity,The Last Song
TRRESHK128F934208E,SOFWOGL12A58A7EBB7,J.D. Souther,Silver Blue (Album Version)
TRRESQL128F92C3BC1,SOQVKGZ12A8C140B3D,The Acorn,Low Gravity
TRRESNN128F934C96C,SOZDZRA12AB018789C,Amira,Walk [Mouse T's Full Vocal]
TRRESRR128F9316B11,SOSJJKN12AB0181B05,The Big Six,Twentieth Century Boy
TRRESOL128F427CFE1,SOXZYCA12A58A7EF71,The Seed,Gospel Music
TRRESOD128F428EDBC,SOIUGTL12A8C13E716,Jason Miles,Inner City Blues - Make Me Wanna Holler
TRRESNW128F932C833,SOCFGBW12AB0186993,We Ragazzi,i was so goddamned
TRRESKA128F9339E36,SOOKWZH12AB01811D0,Faking David,Naked To The Sun
TRRESUX128F4297411,SOUKZFI12A8C13B192,Gianni Togni,Semplice
TRRESEV128F145E2FD,SOKYBRV12A6D4F78D8,The Notting Hillbillies,Feel Like Going Home
TRRESGQ128F9313DAD,SOSTRUB12AB01803CD,Von Iva,Not Hot To Trot (Invisibles Remix)
TRRESAI128F421F650,SODFJYS12A8159E8AD,The Four Horsemen,Livin' These Blues
TRRESKJ128F426E547,SOEQLQO12A8C131D91,The Mormon Tabernacle Choir,Now Thank We All Our God  from Cantata No. 79_ BWV 79
TRRESQV128F9339D9A,SOUIYDB12AB01844D2,Dudu Nobre,Quebro_ NÃ£o Envergo
TRRESAZ128F14AE58B,SOGMGEH12A6D4F9CB6,Petra,I Can Be Friends With You (Never Say Die Album Version)
TRRESTZ128EF36758D,SOUUONM12A6D4F579F,Ola Podrida,A Clouded View
TRRESAT128F422A1E6,SOFLBCB12A6D4FC865,Arrakis,The Spice
TRRESZQ12903CE8061,SOVKQZH12AC468AA08,Mystery Machine,Shaky Ground
TRRESYE128F421DD6C,SOLCMHJ12A6D4FD2E9,Sippie Wallace,I'm Sorry For It Now
TRRESAM128F425378F,SOVGMJO12AF72A5513,GRAVEWORM,Outside down
TRRESMY128F428C281,SOYUVVL12A8C13E6C2,Kirsty Lee Akers,I Can Always Count On You
TRRESRQ12903CD60B4,SOARUXC12A8C13DC50,Hollywood Porn Stars,Crimes
TRRESJW12903CC45F1,SOYZEOY12A58A79D22,The Barmitzvah Brothers,Library Page
TRRESKG128F92DEACD,SOPDTQN12AAF3B4AF3,El TÃ­o Calambres,Aires de libertad
TRRESPB128F9343630,SOHXUTQ12AB0184B01,My name is George,Mary-Jane
TRRESAO12903CC1CEA,SOVBZVX12AB018BE27,Watkin Tudor Jones,Visitor
TRRESZX128F9331B18,SOKMOWZ12AB0184C9E,Benjy Myaz,So Lonely
TRRESBX128F9307F0D,SOKOPXC12AB0185A21,Rabih Abou-Khalil,La Ladra Di Cuori
TRRESIS128F423008F,SOXDURK12AF72A3B43,The Chipmunks,The Alvin Twist
TRRESKV128F42AB843,SOLTFYI12A8AE47567,Ari Koivunen,Give Me A Reason
TRRESBV128F93321F4,SOVMOEN12AB018541E,Julie Andrews,Come To Me - Bend To Me
TRRESSW12903CFB2D4,SOVXQIT12AC4687BA6,Square One,Controller / Feelin De Vibes
TRRESPX128F1456CC5,SOQOTIB12A6D4F5BD4,Mary J. Blige,Everything
TRRESHN128F92FB414,SOMRKJI12AB017BF8F,Matthew Dekay,Second Life
TRRESWD12903D0CF15,SOKBAKN12AC468B82D,Chris Carrier,Cancan Dub
TRRESKS128F42535E4,SOSRCAT12A8159E885,PRIMEsth,Fishbowl
TRRESIL12903CBD86B,SOUUVZK12AB01853DE,Reginaldo Bessa,No Tempo Da VovÃ³
TRRESRL128F9329529,SOFDDGS12A8C135C50,Westpark Unit,Stoned Love (Patchworks Remix)
TRRESHG12903CE3EED,SOWBUCB12AF72A9BB8,BOMB THE MUSIC INDUSTRY,Blow Your Brains Out on Live TV!!
TRRESIP12903CDF80C,SOCDMKU12AB018BF02,Lee Cabrera Feat. Mim,I Watch You
TRRESZS128F14850AA,SOFNAYQ12A6D4F79AC,The Beach Boys,Still Cruisin'
TRRESYP128F931A1DB,SOTRZEB12AB01818D9,London Funk Allstars,Introduction
TRRESBK128F42AA8C7,SOWBBAL12A8C13E795,Eric Sneo,Ohmforce
TRRESLO128F424B487,SONWVVT12A8C1318B2,Mojo Buford,Watch Dog
TRRESSF128F42480DA,SORELLH12A8C1372DE,Knack,Les Girls
TRRESVH128F427116E,SOARLGJ12A8C13AA05,Los Caminantes,Flor
TRRESJX128EF34A546,SOJBFNN12A6BD4F1EB,The Bachelors,So This Is Christmas
TRRESCH128F9355619,SOBEUXX12A8135778B,Sebadoh,Perverted World
TRRESPF128F930298D,SODKXIQ12AAF3B2D01,Theodore,Every Garden Has A Corner For Children
TRRESLJ128F42430C3,SOPOCTG12A8C131905,Sunny Day Real Estate,The Prophet (Album)
TRRESLF128EF340310,SOKHXFV12A58A79A30,Jagger,Here It Is
TRRESIF128F4295D61,SOWGQWY12A8C13C23E,Hans Paetsch,Knecht Ruprecht
TRREVLI128F931CA1A,SOCMICB12AB0182CBB,Cheech And Chong,The Other Tapes ( LP Version )
TRREVZV128F92DA8B4,SOICVIA12AAF3B3BC6,A.C. Reed,Fed Up
TRREVRH128F9350E21,SOWJMLT12AB0189CDB,6CycleMind,Walang Iwanan
TRREVHU12903CB4A69,SOBUPAU12AB017DA2A,D.R.I.,Problem Addict
TRREVES128F42947E4,SOHPJMG12A8C1419CD,Jme,Freestyle
TRREVNZ12903CF3022,SOIEERG12AC468800B,D. Black,Welcome To The Life (feat. Dyme Def)
TRREVAN128F935FCDB,SOZKMEB12AB018579E,Side Effect,Never Growing Up
TRREVQZ128F93389CD,SOHATLU12AB0187BB7,Lazaro Casanova,Los Tambores (Original Mix)
TRREVGP128F4282E7A,SOYLHYM12A8C1418E1,Mathey,Amah
TRREVQW12903CDEF3B,SOQEXFE12AB018F2BA,Krayzie Bone,What Have We Done
TRREVNZ128F931CDF3,SORDKDC12A58A7DAC4,Gene Chandler,Think Nothing About It
TRREVCW12903CD7F1D,SODKGPS12AB01876E8,Steve Porter,Electric Jelly
TRREVKH12903CD61DE,SOWVZBW12AB018975D,Silver Summit,Awaken
TRREVVL128F42654A6,SOPMJZS12A8C131667,The Hooters,Satellite
TRREVWK128F4294C84,SONSUVY12A8C13890C,Paradise Lost,Erased
TRREVRY128F424F9F4,SOPAZTP12A8C13759D,The Monas,Woman
TRREVPO128E078F5B1,SOXLMXC12A67021BE0,Common,Heat
TRREVQC128F930351D,SOXALLS12AB01831BB,Doris Duke,The Feeling is Right (I'm a Loser)
TRREVSI128F14739A3,SOLAJMS12A6D4F6FC6,John Stewart,Kansas Rain (LP Version)
TRREVRR128F934C3F6,SOHHRZE12AB018547F,SSM,Country City
TRREVLW12903CA5913,SOXZZKP12A58A7C0A8,George Benson,Walkin' My Baby Back Home (LP Version)
TRREVBZ128F42A82B7,SOIEOQT12A8C13D34D,Ascii Disko,Hey
TRREVYV128F930D6DE,SOTPOFZ12AB0183FF2,The Davenports,Dog Run
TRREVBK128F4219F5E,SOWEAXC12A6D4FB401,Mad Caddies,Monkeys (Live)
TRREVLU12903CF2D3A,SOAZPLR12AC9071616,The Pop Rivets,"The Pop Rivets ""Mak Show!"" ( C) Laughing At You"
TRREVNV12903CA7701,SOIGZAR12AB018CEED,Double Fox,Party Lions
TRREVTU128EF350539,SOGIUYL12A6D2271B3,All Natural Lemon & Lime Flavors,All The Time
TRREVSS12903CAA91A,SODEEPJ12AB0187AFA,Misel Quitno,Pull It Out Somewhen (Dimlite's the Helmut Grokenberger of this Remix)
TRREVGE128F425DA9B,SORNMUW12A8C137CF2,Arab Strap,I Saw You
TRREVKR128F427C734,SOSJGLX12A8C13C541,Mr Oizo,Tweeter Trouble
TRREVEH128F422B2DE,SOKKSTY12A81C22DBA,Lynch Mob,I Will Remember
TRREVOK128F145A201,SOQYPXM12A6D4F75F9,ClÃ£,Problema De ExpressÃ£o
TRREVRL128F4279555,SOHEVBS12A8C13D5AD,John Ralston,Second Hand Lovers
TRREVNM128F4290429,SOIRAZS12A8C13C982,L.S.G.,Transmutation 2
TRREVWA128F1456DC3,SONSJLU12A6D4F77C4,Mack 10,Can't Stop (Explicit)
TRREVVJ128F930E83F,SOCEQOO12AB017EE3E,Subtitle,Blank Is False
TRREVYB128EF346F78,SOEQOUP12A67ADCACA,The Red Army Choirs Of Alexandrov (Les Choeurs De L'ArmÃ©e Rouge D'Alexandrov),The Cliff (Le Rocher Sur la Volga)
TRREVYR128F14A5AA2,SOBJBTH12A58A7F3B0,Fiji,Inspiration
TRREVTG128F4260A36,SOHDGVV12A8C1391CC,Paul Vinitsky,Irony
TRREVOW128F4270227,SOMSDXX12A8C1342DC,Charlie Rich,A Very Special Love Song
TRREVPA128F146AB1B,SOBFFBJ12A6D4F892F,Cece Winans,Praise Medley (Alone In His Presence Album Version)
TRREVJR12903CE0674,SODUZMI12AB018AAF7,Elton Britt,Tennessee Yodel Polka
TRREVJD128F4226F97,SOTYZAG12A81C205A4,Too Rude,Re-Invention
TRREVGU12903CD79E7,SOWRJZQ12AB0187061,The Shakin' Apostles,Jackass Hill
TRREVWV12903CA7B7B,SOPKWBK12AB0185619,Cabballero,Dancing With Tears In Eyes
TRREVFV128F930F2CC,SOXAOSZ12AB017B95D,Jade Leary,Room 15
TRREVEF12903CB464E,SOPTWDB12A8C13B311,Dog Fashion Disco,9 to 5 At The Morgue
TRREVYD128F92FB974,SODHRGJ12AB017C060,Hank Snow,Spanish Fire Ball
TRREVNH12903CCCA29,SOIOQTJ12AB0185C41,Autumnblaze,Saviour
TRREVVN128E07941F1,SOULGJT12A6D4F93E1,Commodores,The Bump
TRREVMY128F93016C2,SOHSLLZ12AB017F738,Pharoah Sanders,Heart To Heart
TRREVIC128F92F536C,SOFWJMY12AB0181755,Jennifer Rostock,Feuer [Live]
TRREVPF128F9314F25,SOANJKM12A58A7702B,Mitchy Slick,Drug Flippin
TRREVWL128F424223D,SOLOTMN12A8AE48FD2,Toshinori Kondo,Clear Water
TRREDZY12903CA06B9,SOXBWOI12AB018A36F,The 5th Dimension,Monday Monday
TRREDLO128F9309764,SOSBIBU12AB017B5E3,Mithotyn,Under the Banner
TRREDQV128F4291BE7,SOMNUHF12A8C13AC77,Emil Bulls,Hi It's Me_ Christ
TRREDGO128F93385FD,SOILCZS12A58A7BBF3,Lone Star,Â¿No SerÃ¡&?
TRREDIS12903CF8ED9,SOWEUSY12AC3DF78DB,Blood Music,The Hair
TRREDYQ128F14A5359,SOKZMFZ12A6D4FB23D,Fanny,Knock On My Door (Live Version)
TRREDGG128E0780DFA,SOPSHCK12A6310F15B,Queen,In The Lap Of The Gods...Revisited (1993 Digital Remaster)
TRREDTS128F92CA620,SOODUEO12A8C140330,Robert Cage,Who's Been Foolin You
TRREDOP128C7196820,SOLVSYZ12A58A795E3,Stereo MC's,What's The Word
TRREDOZ128F933AEA5,SORSQBK12AB0185980,Dane Cook,Role Play
TRREDKZ128F4255DD0,SOQRVWQ12A8C135EED,The Violet Burning,More
TRREDCP128F423A607,SOBKPTL12A8C131D2C,Joan Of Arc,9/11 2 (1)
TRREDRT128F930D8C6,SOMJGIX12AB017B6B4,Leigh Nash,Crazy
TRREDQP12903CA8F69,SOOWJLH12AB0184EA5,Luther Russell,Et Al
TRREDMA128F42972C4,SOKIKFF12A8C142089,Romero Lubambo,Nature's Beauty
TRREDKI128F92FD2E0,SOTEQDW12AB017B298,Detritus,Word
TRREDFG128F92F6D38,SOCJGNP12AB0183B78,Frank Ifield,I'd Be A Legend In My Time
TRREDVZ12903CFD314,SOPKOTB12AC9073086,Hipbone Slim and the Knee Tremblers,Put A Rocket Up It
TRREDAW12903CBEE65,SOVPZID12AB01840A0,Recoil Featuring The Black Ships,Strange Hours '10 (Feat. The Black Ships)
TRREDMG128F428AA5E,SOTIPBY12AF729CC83,Hot Water Music,I Was On A Mountain
TRREDMZ12903CDFB3E,SOYGAUX12AB018DAB5,Bolt Thrower,After Life
TRREDEI128F42A35A2,SOSMBBJ12A8C13F0AE,88 Fingers Louie,Apart At The Seams
TRREDFU128F92FBFC5,SOOWODP12A8C13F3A4,The Hues Corporation,Rock The Boat
TRREDJS128E07853E8,SOJDPDD12A58A7FA0D,Winans Phase 2,Too Much Heaven (LP Version)
TRREDKA128F933A89B,SOEHTCR12AB018A19B,Coolio,Keep It Gangsta
TRREDRV128F9338EE1,SOJJUQE12AB01861BA,Etran Finatawa,Kel Tamascheck
TRREDCY12903CD1EE5,SOEGJVS12A58A7BC4F,Jackie Greene,The Ballad Of Sleepy John
TRREDFG128F423EA1E,SOUNIMK12A8C131CA9,Prodigy,Fire (Sunrise Version)
TRREDXG128F42A10BC,SOISKJK12A8C13DB38,Carpathian Forest,Return Of The Freezing Winds
TRREDBT128F4265783,SOXAKJN12A8C13B145,Doormouse,Gangster Of Buh
TRREDNW128F932BB53,SONIPXG12AB01829F9,Fat Jon,Do It Like My Robots
TRREDNX128F931C2B3,SOUVCDK12AB01842D6,The Muffins,Sam's Room
TRREDDZ12903CF1B03,SOWSFDX12AC468CC09,Audio Bullys,17
TRREDVY128F92EEFD1,SOPRXZB12A8C145DAF,CÃ©line Dion,L'Amour Existe Encore
TRREDWE128F930080A,SOUQWVC12AB0180C96,Byron Janis,Liebestraum No. 3
TRREDGR12903CC8227,SOHDQWX12AB01866ED,Mechanical Poet,Welcome To Creepy Tales (instr.)
TRREDRE128F4271BDD,SONMNUA12A8C1343D9,Lonnie Liston Smith,Speak About It
TRREDFW128F932C0D2,SOLHRYK12AB0180E8D,Frenchy,The Last Time
TRREDHT12903CB2473,SOVUVRT12A8C132088,Bottom Of The Hudson,Into The Sun
TRREDZQ128F93441DB,SOPFVZF12AB01817FF,Flora Purim,Niura Is Coming Back (LP Version)
TRREDQW128F9302250,SOYZROB12A8C13F01E,Chad Wackerman,House On Fire
TRREDTA128F424C464,SOPDSBL12A8C137969,Rev. James Moore,Always Remember
TRREDUV128F422C3AC,SOFSTPE12A81C21A35,Stephan Micus,Part I (Shakuhachi Solo)
TRREDJQ128F9301769,SOZBXPU12AB017E7A7,Dream Theater,The Best Of Times (Album Version)
TRREDZQ128F422D600,SOQZDOE12A6D4FE578,Gigolo Aunts,Winsor Dam
TRREDKK128E078DAE0,SORSIXN12A6701D5F8,Nine Inch Nails,The Hand That Feeds
TRREDTM128F92E32EF,SOMJJCP12A8C143463,Bud Powell,It Could Happen To You
TRREDVP12903CCE0B6,SOPQWQA12AB0185AA0,Peepstyle,Until the Night
TRREDPN128F92D3D31,SOAWOKZ12A8C144038,The Jones Girls,Nights Over Egypt
TRREDEC128F9321D42,SOFOZHA12AB01868CE,Jean Corti,A Paris dans chaque Faubourg
TRREDYL12903CC6C80,SOMAKXI12A8C143BBC,Bukka White,High Fever Blues
TRREDXU12903CB370B,SOBCPFJ12AB01883B8,Jacques Brel,La bourree du celibataire
TRREDTY128F4294247,SOVPALD12A8C13B349,Turbolenz,leimiamoideioah
TRREDSP128F42ABA6D,SOGQUGT12A8C13C428,Konstantina,Tilefono
TRREOOQ128F425366D,SOLJWAR12A8C137FEA,Cheryl Melody,Return
TRREOIX128F14ADF25,SOYMFAU12A6D4FAF29,David Meece,Over You (Once In A Lifetime Album Version)
TRREOFF12903CA293F,SOBCAHH12AB017F6A1,Marah,Soda
TRREOOX12903CF2AF9,SOIGTYL12AC468CF57,Robert Babicz,Weekend
TRREOGQ128F92F6721,SOTMFPU12A8C1446DD,New Barbarians,Come To Realise
TRREOEL128F931B2C2,SOHHXFB12AB017E16A,MFSB / The Three Degrees,Love Is The Message
TRREOSB128F429554F,SOODTXF12A8AE461A3,Clannad,Passing Time
TRREOWD128F1474F4A,SONNLMQ12A6D4F87E1,Maysa,Demais/ Meu Mundo Caiu / Preciso Aprender A Ser So
TRREOSK128F92FFC24,SOBMOMD12AB017D15F,Senser,Adrenalin
TRREOAI128F93399EF,SOHGRIF12AB0185B45,Billy J Kramer & The Dakotas,Listen (Plus Studio Conversation) (Mono) (1998 Digital Remaster)
TRREORS128EF360A8B,SOKIGUN12A6D4F7301,Jose Julian,La Media Vuelta
TRREOSG128F933D634,SOKBOMN12AB0186C98,The Velvelettes,Pull My Heartstrings
TRREOHK128F9323F8C,SOBGAWJ12AF729FDB6,Velvet Underground & Nico,There She Goes Again
TRREOSR128F428A484,SORYAZW12A8C13FA63,Pop Shuvit,Ego Trip
TRREOIR128F9320323,SOINBKK12AB0181FA3,Afroman,Smoke A Blunt
TRREOVW128F4239F43,SONGFNP12A8C130E0D,Bob Hope,Road To Utopia: Overture
TRREOTD128F4286547,SOGQGYF12A8C13AEFF,ADH,Daardi
TRREODU128F4299E7F,SOXTASH12A8C13C710,Shape Of Broad Minds,Love Continues
TRREOKG128F428DB8D,SOPKVDS12A8C13E889,Sabri Brothers,Ya Muhammad Noor-E-Majasam
TRREOCN128F92CA031,SOSXUBA12AF729E48F,Birdman / Lil Carl,Cash Money Niggaz
TRREODW128F42ADDB7,SOPGJPN12A8C1407D6,El Presidente,I Didn't Really
TRREOVE128F934F380,SOUYVAH12AB0186872,Crazy Horse,Les amours mortes
TRREOLR12903CEE5A6,SOMUTHH12AC96188B9,Davy Graham,Sermonette
TRREOQS128F932F6C3,SOTDTYU12A58A7928B,For All We Know,Intro
TRREOFE128F92E9AD6,SONEORA12A58A7D1E0,Morgana King,Dindi
TRREONB128F42586CB,SOVCRWX12A8AE45708,The Futureheads,Everything's Changing Today
TRREOXA128F426BE25,SOMWRMB12A8C136731,Alan Silvestri,Show You What I Do
TRREOPP128F93169E8,SOPGXPL12AB018271D,Foetus,Kreibabe Â 
TRREOTL12903CAA7A3,SOEGKNC12AB0184F14,Kix,Blow My Fuse
TRREOJY128F423DE80,SOBHVMT12A8AE46DE5,Van Dyke Parks,Out Of Love (Album Version)
TRREORV12903CAA186,SONJCBI12AB018793B,Giorgos Tsalikis,Den Koimamai Tora Pia Ta Vradia
TRREOMN12903CBCB7D,SOMSBNB12AB018B6BD,Arthur Collins & Byron G. Harlan,Hurrah For Baffin's Bay
TRREOWO128F93484A9,SOZMYDF12AB0188FD6,Essam Gawish,Da Drugz
TRREONH12903D15761,SOXSWLD12AC468A662,Tyler Hilton,Keep On (Album Version)
TRREOTZ128F92EFB1D,SOEZIPF12A8C140793,George Formby,When I'm Cleaning Windows
TRREOQC12903CE42A8,SOVOVNZ12AB018BAF3,Philip Sayce Group,Going Down
TRREOJI128F92C5559,SOMJQIJ12A8C1337B4,Energy 52,CafÃ© Del Mar
TRREOCZ128F92ED572,SOMXVXV12A8C1453F6,Scrubb,Everything
TRREOHQ128F92D4356,SOKNZGQ12A8C144CA2,Freddie Hubbard,Brigitte
TRREOHP128F931D783,SOVDSKS12A58A7A0CD,The Tams,Untie Me
TRREOLQ128F932DDA7,SOOGKNJ12AB0181BD3,The Woggles,I'm Gonna Make You Mine
TRREOOK128F92C5F41,SOGAWUL12A8C1436B8,Os Catalepticos,Cannibal Holocaust
TRREOOE128F935ADFC,SOFAXDL12A58A7C510,Charley Patton,Down The Dirt Road Blues
TRREOPX128F42BA8CA,SOQONPX12A8C13E819,The Pernice Brothers,Subject Drop
TRREOLO128F429386C,SOVFAMV12A58A7BBD4,Bis,Punk Rock Points
TRREODB128F9309E60,SOIGNQA12AB017C621,Sister Rosetta Tharpe,I Looked Down The Line
TRREOGO128F92DB5F0,SOTROHW12A8C145C30,La Oreja de Van Gogh,MÃ¡s
TRREOGK12903CEFF32,SORWHBR12AC468BA2B,Kimito Lopez,I Am Rave
TRREOKU128EF34F6DB,SOHQVTG12A58A76FF3,Axel Krygier,Ya Me Voy
TRREONL128F9309942,SOQXUFI12AB0181441,Peter Hunnigale,Evergreen
TRREOMJ12903CE1537,SOUDXGO12AC46895D1,Suicide Love,Fallen Angel
TRREOHX128F424E85F,SOSRMAK12A8C133ADD,Brian Vander Ark,Colorful
TRREOXL128F1487233,SODEPHO12A6D4F8414,Chicago,You're The Inspiration (LP Version) (2006 Remastered)
TRREOXH12903CA1271,SOGVYYE12AB0186DFC,Stan Kolev Feat. Bubu,I Know
TRREOWB128F933F577,SOUYXRS12AB0182903,Double Negative,I'm Gonna Haunt You When I'm Gone
TRREOAB12903CA5B2D,SOGWUNA12AB018A997,SoundLift,Return Of The Hero
TRREOEL128F92FFA4A,SOFVOVL12AB017CFB5,Triinu Kivilaan,Rescue Me
TRREOZP128E07934D1,SOBXOLP12A679C806A,The Chameleons UK,Ever After
TRREOIR128F145A704,SODXGRL12A6D4F7E39,Demis Roussos,Lovely Lady Of Arcadia
TRREODZ12903CB42F1,SOLZPVM12AAFF44358,The Mongoloids,Interlude
TRREOJM128F4213D73,SODVVVK12A6D4FD381,Raimundo Amador,Es Normal
TRREXQF12903C9DC6A,SOTZGNW12AB01886AA,Sugarloaf,Down In Maui
TRREXWV128F1480A4A,SOXUYKN12A6D4F804E,Yung Joc,Knock It Out [Explicit Album Version]
TRREXAO12903CE57DB,SOXKFVS12A58A786CC,Christine Lavin,Shining My Flashlight On The Moon
TRREXJD128F4236D8E,SOOLVHR12A81C21EDC,Alex Megane,Little Lies
TRREXMX128F931EAAE,SOIJFVC12A8C13AE5D,Peter & The Test Tube Babies,Reggae Meets Le Punk Movement
TRREXME128F4269809,SOQVPHB12A8C13BCE8,Rebecka TÃ¶rnqvist,I Do
TRREXGQ128F92E4FB2,SOWPFUG12AB0182085,Gabriella Cilmi,Warm This Winter
TRREXKU12903CA2AE4,SOGIICK12A58A7D39A,Green Sun,Magic
TRREXPK12903CBBE7D,SOSCDNB12AB01872CF,The Clancy Brothers and Tommy Makem,The Real Old Mountain Dew
TRREXJH128F92C9459,SOQHTIY12A8C140A09,Utopia,Back on the Street
TRREXTQ128F427AF94,SOVHYZB12A8AE45F2F,Templars,War Heros (Album Version)
TRREXYS12903D0117A,SOHPUAH12AC95F0416,Breaking Point,Girl of London
TRREXNW128F427476F,SOTJSOK12A8C133F0E,Puretone,Breakup Song
TRREXQR128F429FB66,SOWUZGV12A8C13F204,Paul Van Dyk Featuring Jessica Sutta,White Lies (Berlin Mix)
TRREXOF128F92CDDAE,SOGMBFK12A8C142FE6,Robin Beanland/Dweezil Zappa/Nile Rodgers/Rabbit In The Moon,Poo
TRREXHH128F4282F91,SOARYJD12A8C13D36A,Kadim Al Sahir,Houb
TRREXKB128F42514C7,SOKICBN12A8C135217,Tim Buckley,Honey Man
TRREXPI128E078EE14,SOGJZUD12A6701E97D,Nirvana,Lithium
TRREXBW128F4282517,SOXZLKO12A8C138004,Kyle Riabko,Learning To Speak
TRREXBG12903CA4559,SOBIBOK12AB01877AE,Chrome,Her Visions In Blue
TRREXND128F935942D,SOJLEMK12A8C13669D,Corrupted Ideals,Feeble Attempt
TRREXZM12903CAA86B,SOJFOCQ12AB0184D5C,Amber,Anyway
TRREXDA128EF348B0B,SOPKJUL12A6D4F9778,DJ Silver,B My Dog
TRREXPF128F933AEFD,SOGCBPY12AB0189313,Alex Heffes,Approaching Siula Grande
TRREXCV12903CC37E2,SONMXZQ12AB0186A27,Eddy Grant,Lover To Lover
TRREXIY128F934DC51,SOTEJHO12AB0181C7B,Midfield General Feat. Noel Fielding (The Mighty Boosh),Noel's House Party
TRREXYS128E0789C8B,SOHYRJB12A6701D3D7,Finch,A Man Alone
TRREXMP128F932C859,SOFDUIE12AB018148D,DÃ‰SOLÃ‰,DÃ©gueulasse
TRREXJI128F424AA60,SORECLA12A8C135A7A,Tito Gomez,Tierra Bendita De Higuey (Feat. Luis Vargas)
TRREXGF12903CA3718,SOWGAAP12AB01847D9,Slowpho,Lost In You
TRREXRN12903CDD424,SOBLUPT12AB018524B,The Sweet Vandals,Do It Right
TRREXYV128F4253A4D,SOFYLTR12A81C21DEC,Margaret Becker,Grace    (Grace Album Version)
TRREXMQ12903CB026C,SOBWDPN12A58A7EF8B,On Broken Wings,Six Hundred Cubic Centimeters
TRREXCU128E0792385,SOWTWNT12A58A79D3B,Smash Mouth,Road Man
TRREXVX12903CC0DC5,SOMEXQD12A58A804DD,FRONT,Contemplation
TRREXTV128F14A3A72,SOGQAPX12A6D4FC613,Bobbie Gentry,Eleanor Rigby
TRREXRN128F93002B7,SOILBUW12AB0180BC0,Rubella Ballet,Money Talks
TRREXFC128F92EA27A,SOYIMMF12AB0180F4D,Imogen Heap,Goodnight and Go
TRREXRA12903CF8B58,SOUGPUD12A8C13F139,Paul Anka,For Once in My Life / Come Rain or Come Shine
TRREXNI12903CF3101,SOQXNTS12AC468A89A,Galy Galiano,Escribeme
TRREXOU128F423A134,SORKDAQ12A8AE46CEB,Tenor Saw,Pumpkin Belly
TRREXUT12903CAD661,SOJRJMS12AB0185866,Push,Universal Nation
TRREXTK128F92E8DB1,SOBGQAD12AB0183C8C,The Damage Manual,Damage Addict (Full Mix)
TRREXCM128F92E7424,SOPZXEE12AB017AE41,Mr. Capone-E,Cali's Most Wanted
TRREXZK128F429B7E7,SOALDCN12A8C13C3D7,The Original Television Cast,Introduction / Oh Fabulous One (from Lady In The Dark)
TRREXRD128F42ACCF4,SOFRQUL12A8C141395,Massive Attack,Safe From Harm (7'' Version)
TRREXBN128F93002D3,SOMBZHD12AB017E5AF,Raison D'Ãªtre,Metamorphyses V
TRREXLG128F148BBD4,SOPUIVJ12A6D4F751C,Yahir,Si tu piensas
TRREXID128F422B697,SOIZOCQ12A8AE47D54,The Jazz Crusaders,Promises_ Promises
TRREXRI12903CABD2F,SOCOORZ12AB018B23E,Carmen Miranda,FeitiÃ§o Gorado
TRREXGX12903CE6BA3,SOTPTHW12AC468E093,Johnny Pate,That Ain T Too Cool
TRREXUQ128F9304D4F,SOITLPV12AB017D796,Joe Simon,Easy To Love
TRREXGY128F9354950,SOJZOLO12A8C13B69F,Toni Toolz,Pin Balls
TRREXHX12903CD798F,SOFESXC12AB018C4D7,Kiss Kiss Kiss,Flesh
TRREXUJ12903CA7A5F,SOLXOHL12AB0186CDD,Sahg,From Conscious Sleep
TRREXMT128F426E58B,SOTKSVH12A8C13A8DC,The Cinematic Orchestra,Breathe
TRREXFU128F42579C4,SOFWIUF12A8AE47536,O'Death,Low Tide
TRREXDC128F427F086,SOTSAEG12A8C13F049,The Fiery Furnaces,Up In The North
TRREXXW128F931A117,SOWVPWE12A8C13C574,BjÃ¶rk,Mouth's Cradle
TRREXIZ128F427C86C,SOJAKIK12A58A7AE9D,Bumblebeez,The Game
TRREXKZ128F4257991,SOAMQFB12A8AE45552,Screaming Banshee Aircrew,Fishnet Messiah
TRREXEP128F4261703,SOQNJGA12A8AE49E40,Shlomi Aber,In Theory Yes
TRREXIB128F14954AB,SOMLXMW12A58A777A1,Cheri Keaggy,We Have Come To Worship Him
TRREKBW128F148AB07,SOLGWGC12A6D4F64CE,Paul Flaherty,Blankets Wear The Naked Fear
TRREKCR128F4265981,SOWSOJN12A8C13956F,Megadrums,Breath
TRREKCD128F92EE2F0,SOFVHJM12AB017DD95,The Odd Couple,Paperkites
TRREKZE128F4296405,SOQDTYS12A8C138C4A,Adrian Weyermann,Crying John
TRREKNI128F42368E3,SORTVKN12A81C20B9F,Motion City Soundtrack,Even If Kills Me (Cd)
TRREKTP12903CB0056,SOVCBMF12AB0185A12,Gene Farris,Richard's Word
TRREKVI128F933F8A7,SOTEVOF12A8C1401AB,Bikini Machine,Voodo
TRREKJJ128F425335E,SORPMRP12A8C135490,Willie Dixon,Wigglin' Worm
TRREKOW128F92DFF87,SOTWKDF12AB0179D27,Silentium,Empress of the dark
TRREKEY128F422F9D8,SONLFVX12A6D4FB9BE,Psi vojaci,Ãšplne SÃ¡m
TRREKZZ128F933C99B,SOEBGUR12AB0182103,Tupelo Honey,Make Me Believe
TRREKDI12903CE27A2,SOMIGYI12AC3DF92EC,Kent,HjÃ¤rta
TRREKIJ128F4238443,SOOQZPC12A8AE45721,Heidi Berry,Up In The Air
TRREKXU128F92D9040,SOMXKOO12A6D4FB775,Aim,Why Don't You
TRREKQL128F427C978,SOABBUW12A8C13A300,Las Ardillitas De Lalo Guerrero,La Hormiga
TRREKBD12903CB622B,SOESLEF12A58A7F2DF,Rewiring Genesis,Ravine (Album Version)
TRREKTO128F14882E1,SOZFGCB12A6D4FAEC2,Totta NÃ¤slund,Det BlÃ¥ser En Vind
TRREKCT12903D056A8,SOTFIOE12AC468DD5A,Charlotte Church,Call My Name
TRREKHY12903CFA85D,SOVHHQS12A58A7B3ED,Clipd Beaks,Hash Angels
TRREKHY128F427976A,SODZVEY12A58A784FD,Enrique Quezadas,Mi Hija
TRREKCO128E0782568,SONQZAE12A6310E9BF,Neneh Cherry,Heart
TRREKFQ128F93260A0,SODISOL12AB0186334,Maurice Chevalier,Paris_ Stay The Same
TRREKVH12903CDBA28,SOLZIJA12AB018720F,Creaming Jesus,Hooves (live)
TRREKBD128F14A0490,SOKEDJM12A6D4FA6CA,Morthem Vlade Art,Paranoia
TRREKAC128F93051C1,SOSXFTT12AB017E28D,Geeneus,In To The Future
TRREKPH128F933E61E,SOMRRYH12AB01852F9,E.C,On Ill
TRREKPX128F423250C,SOQLTCH12A8AE495A3,General Levy,Levy Come Again
TRREKOY128F93244C9,SOBLTBN12AB01859D5,The Heart Throbs,Brood Bitch
TRREKMS128F14ADEAF,SOSTMSO12AF729E64C,Kierra Sheard,So Long
TRREKZI128F4254F56,SOOLOQB12A8C136D3B,Chaka Demus & Pliers,Girls Night Out
TRREKXO128F92CFF4E,SOIGIOO12A8C140370,Traffic Jam,Almost But Not Quite There
TRREKID128F92D039C,SOGGXKO12A58A7E4E7,Fun 'Da' Mental,When I Want Your Opinion_ Ill Give It To You
TRREKAK12903CE24E8,SOBRYLI12AB01870A6,Blingtones,Dog Siren (Ringtone_ Sonnerie)
TRREKGS128F424911B,SOITKOQ12A8C13407C,Belen Arjona,Loca
TRREKUU12903CEC63E,SOKHLHW12AC468C4B4,Skull Duggrey,Beat It Up
TRREKLG128F42A119A,SOWUWRA12A8C13B4F7,Weather Girls,Wild Thang (Radio Edit)
TRREKCF128F4292D55,SOXIZYX12A8C13CECC,Jack Nitzsche,Prelude #15 in D Flat_ OP 28 [Raindrop]
TRREKWT128F423A5F6,SOHHWVA12A8AE4890C,Fiona,Some People
TRREKQV128F424089D,SOFBBCN12A8AE47020,Spineshank,Falls Apart (Album Version)
TRREKEQ12903CC0101,SOGEZMF12AB018879C,As We Fight,I Bury My Head In My Hands
TRREKQW128F9309789,SOMXTEO12AB017FBCD,Steve Coleman,Tehu Seven
TRREKMT128F9322436,SOJILBQ12AB0182ED6,All Time Low,Let It Roll (Hurley Studio Acoustic)
TRREKCT128F4227945,SOKETJQ12A8AE44E7F,Jawbox,Cooling Card
TRREKMZ12903CEBA28,SOIRUCM12AC468A303,Tony Christie ft. Albert West,I Did What I Did for Maria
TRREKDJ128E07963C2,SODBWQX12A67ADF334,Seguridad Social,Controla Tus Yo-Yos_ Directo
TRREKHE128F9310D7E,SOIJMES12A6701C353,Sam Brown,I'll Be In Love
TRREKDR12903CE2F73,SOKREPP12AB018ADB2,LOUIS JORDAN,Don't Let the Sun Catch You Cryin'
TRREKHP128F1458139,SONMNBS12A6D4F7B3F,Nancy Wilson/Cannonball Adderley,Little Unhappy Boy
TRREKLH128F422C070,SOKBRCB12A6D4FC985,Cadence Weapon,Lisa's Spider
TRREKFK128E078EFC4,SOHHQHR12A6702138F,98Âº,Heat It Up
TRREKJL128F4254BE4,SOBKOBR12A8C135395,Sanchez,Who Is This Man
TRREKKJ128F934E49A,SOXHOSM12AB01825DD,Silent Kids,A Great Leap Forward
TRREKRV12903CFB7A8,SOUEHFN12AC960DAB0,Rio Reiser,Unten am Hafen
TRREKOV128F9307B7F,SOONASM12AB0183524,Durrty Goodz,Battle With The Fans
TRREKVH128F92F045E,SOGPADG12AB017D391,Dave 202,Torrent
TRREKGG12903CE65D8,SOSJDGC12AC3DF686C,Mick Clarke,That's All Right (From the album No Compromise)
TRREKQL128F148F1A2,SOERTLK12A58A7CAF7,Bernard Lavilliers,Attention Fragile
TRREKGZ128F42B1B3B,SOHRJNV12A8C13FE6C,Melt-Banana,Scratch or Stitch!
TRREKTS128F427672D,SOEKKCL12A8C13AE1D,Dzem,List Do M. (2003 Digital Remaster)
TRREKWE128F4237D57,SOPNBBY12A8C133C25,Bourbon Princess,The Waiting Noon
TRREKYS128E0792FA3,SOSGDOF12A8C135BCC,Blues Traveler,Canadian Rose
TRREKKE128F42A686B,SOOOFXC12A8C13DA2D,This Day & Age,We Always Rewind The Best Part (LP Version)
TRREYPI128E0784287,SOTRSSM12A6701BEC0,Spinal Tap,Diva Fever
TRREYHW12903CE871F,SOHFNRI12A8C13EBC9,State Radio,Keepsake
TRREYXR128F92F9EA7,SOPWGDM12A8C142BA4,Mary McBride,Toll Girl
TRREYFY128F4254C9C,SOMJMLK12A8C136799,GG Allin,Suck Dog
TRREYGR128F145E707,SORHGFT12AF729F4E6,Richie Sambora,Father Time
TRREYUL128F93240C1,SOHKSSM12AB017C320,Fluxion,Midnight Call
TRREYRZ128F4213E23,SOKRCDK12A6D4FC31D,Quique Gonzalez,Permiso Para Aterriza
TRREYOZ128F42A7343,SODLBEX12A6D4FC185,Burl Ives,Time
TRREYHN12903CDBF14,SOBQUHD12AB01895F2,Jose Larralde,Milonga Pa' Don Segundo
TRREYMZ128F92FC29A,SOFHHJN12AB017B13A,The Capitol City Dusters,Reason
TRREYOW12903CF7884,SONKXSU12AB018280A,Alexi Murdoch,Blue Mind
TRREYBI128F14AD069,SOAFYLZ12A6D4FA180,John Powell,Hog Chase Part 2
TRREYUI128F4272530,SOFLTIE12A8C13277F,Porch Ghouls,Priming The Well
TRREYQA128F4279D4B,SODJEQF12A8C1355E2,Barbara Dickson,In The Night
TRREYOW128F93196BF,SODOCAI12AB017E916,Strawbs,Something For Nothing
TRREYMY12903CE6010,SOMWNYL12A58A7865C,Sting,There Is No Rose Of Such Virtue
TRREYEH12903CB5675,SOYANQZ12AB018C22F,Vincent ValliÃ¨res,Envie de rien faire
TRREYAT128E0792409,SOVZGYT12AF72A3A36,Chris Cornell,Pillow Of Your Bones
TRREYZH128F92E2078,SOKIGMC12AB017C044,Kellys,Det Ã¤r kÃ¤rlek
TRREYTN12903CEC2CA,SOAUKHL12AC468DBCF,HOLLY DUNN,The Wonder Of Love
TRREYFF128F93048E9,SOVVNKA12AF72ACC28,Kings Of Convenience,24-25
TRREYCI128F933E354,SODIGVL12AB0187176,Faye Adams,Thats What Makes My Baby Fat
TRREYNG128F4278185,SOZDJWG12A8C13E3C1,Freddie Hart,Snatch It And Grab It
TRREYCF128F427D288,SOMYFZY12A8C13C725,Man Man,Rabbit Habits
TRREYVI128F932B69C,SOTCWJO12AB017DD2C,Desireless,Voyage_ voyage (Maxi version)
TRREYKH128F92F2451,SOVOABS12A8C146F05,The Unkool Hillbillies,Dirty
TRREYVI128F145FE82,SOYSYMY12A6D4F7D8C,The Osmonds,Hold Her Tight
TRREYHI128F423E596,SOICECG12A8AE47357,My Chemical Romance,It's Not A Fashion Statement It's A Deathwish (Album Version)
TRREYLF128F426202B,SOUKRKE12A8C1319CE,Dan Bern,Cure For Aids
TRREYRC128F4281D66,SOWEKTK12A58A7CA04,The Vagrants,Two Strong Arms
TRREYGA128F9366FF9,SOAJXMT12AB0187BFC,Giannis Aggelakas,I Ekdikisi Tis Giannoulas
TRREYRH12903CF70BB,SOTRVZV12AC468E7B6,T-Bone Walker,Evil Hearted Woman
TRREYOP128F92C25FC,SOJKWIJ12A8C142181,Angela Dimitriou,Mia Gineka Mono Xeri
TRREYXV128F93095CE,SOIJNVN12AB017ECF0,Melissa Manchester,I Don't Want To Hear It Anymore
TRREYEA128F147ED81,SODVQXK12A58A78F00,Long John Baldry,Lord Remember Me (Album Version)
TRREYBJ128F426E79C,SOYURIM12A58A7BACA,Charlotte Church,"Barcarolle (Night of stars_ and night of love) from ""The Tales of Hoffmann"
TRREYVR128F426322D,SOITADI12A58A7A00B,Studio 99,Real Love
TRREYTE128F92CCDCF,SOEUMPL12A8C143162,Billy Vaughn And His Orchestra,Sail Along Silv'ry Moon
TRREYDF128F4245431,SOIQLBA12A8C13465D,Bilge Pump,Malcom
TRREYLM128F4277A5D,SOSRFRQ12A8C13B693,Alex Cortiz,Phusion
TRREYIX128F1455827,SOUOWCQ12A6D4F7658,Mull Historical Society,Watching Xanadu (video)
TRREYFR128F4225F3E,SOTJJQP12A81C209F8,La Sonora Dinamita,Mosaico Sonora Dinamita/ Que Te La Pongo (la Inyeccion)/ La Bolita
TRREYVS128F4260D7B,SOVQMDW12A8C139958,Harald Kloser,Techno Download
TRREYGJ128F933114C,SORJKKG12AB0187832,Placido Domingo;Lee Holdridge,Medley: Blue Moon/Moon River
TRREYOD128F9339E65,SOGEGOQ12AB01885A8,Kelli Sae,Doesn't Anybody
TRREYEX128F42807EB,SOATHAZ12A8C1397D2,Trent Willmon,The Good Life
TRREYKF128F9333A83,SOJPPAA12AB0182BEF,Azukx,Lift (Joi Tranceformasian)
TRREYUG128EF35F4DA,SORMXED12A58A7D76A,Nico,My Heart Is Empty
TRREYMU128F424A81E,SOZDRDH12A58A79BB6,CANDLEMASS,Samling Vid Pumpen
TRREYRP128F92E2F43,SOHUJJO12AAFF41C12,Pastora,Grandes Despedidas (Remix)
TRREYGR128F425A5CE,SOBECFO12A8C134441,PFR,Life Goes On  (Great Lengths Album Version)
TRREYDP12903CC3843,SOTIXMT12AB0189AE5,Magnatiz,Palabrutas
TRREYZX128F932A27D,SOSZHJP12AB01801DF,Saturday Looks Good To Me,Lift Me Up
TRREYAY128F145A945,SOFDZMZ12A6D4F783E,Nana Mouskouri,Gloria Eterna
TRREYDO128F4271B35,SOYHVUH12A8C133589,Spike 1000,Spare Change
TRREYYJ128F42A1F01,SOUTYUZ12A8C13CFF3,Liars,Sailing To Byzntium
TRREYUA128F4250DFF,SOUSHPO12A81C20A54,Mighty Diamonds,Came Saw & Conquered
TRREYDY12903D064C2,SOANNSU12AC468A493,Pardesi,Jee Karda
TRREYZA128F427EEA5,SOWYMBO12A8C13CAEF,dEUS,Favourite Game
TRREYSK128F145988B,SOKAKAT12A6D4F66F2,Steve Miller Band,Children Of The Future
TRREYHP12903CA8F77,SOJMHZZ12AB018871F,El NiÃ±o Gusano,Sobrinito
TRREYIQ12903CFFE7D,SOOEGTP12AF72A2892,Glenn Morrison,Cosmic Flight
TRREYYE128F421CE14,SOPKQVM12A6D4FD458,Muscles,My Friend Richard
TRREYOI128F92FBA15,SONUDLX12AB0181236,VOTA,Love's Taken Over
TRREYVK128F92E37D2,SODJUWP12A8C142964,Catastrophe Ballet,One Last Kiss
TRRJMGD12903CF80DA,SOEYHEF12AC9072999,Silencekeepers,Keep The Silence
TRRJMDN128F427C747,SOJUBQM12A8C13C592,Dakis,J' En Sais Rien (Pios To Xeri)
TRRJMRG128F9331FA1,SOJENBL12AAF3B579C,Sarah Noni Metzner,Death
TRRJMQA128F4282209,SOTMCAB12A8C13AEDB,Bobo Moreno,For What It's Worth
TRRJMMG128F934271B,SOMKXZQ12AB0185E19,Matteo Bonfanti e i maledetti,Pesciolini
TRRJMKC128F1477384,SOXKOYB12A58A7DBD3,Sparks,How Are You Getting Home ?
TRRJMDV128F935272D,SODVHAZ12AB0185CB4,Luca Antolini Dj,Life's A Mistery
TRRJMWK12903CC23FD,SONFKEZ12AB0187602,Eighteen Visions,Gorgeous
TRRJMTD128F427B352,SOEVLCC12A8C13C27F,Sergey Rachmaninov,Ballade No. 3 Op. 47 in A Flat
TRRJMDC128F931DFCD,SOLZARR12AB0180ECC,Kinky,Mexican Radio
TRRJMSM128F42768FE,SOMQJOZ12AF72A11E2,Robert Glasper,Riot
TRRJMQP128F92F34D8,SOHBTRT12A8C13FEDC,Full Flava,Easy To Love (feat Donna Gardier)
TRRJMCG128F4246634,SOUBEHQ12A6D4FBED4,Patty Griffin,Stay On The Ride
TRRJMMG128F933AAA8,SOSVXDM12AB01818E6,Herman Brood,Feels Like Love
TRRJMHQ128F427615D,SOAQOJY12A8C133481,The Meters,Keep On Marching (Album Version)
TRRJMZK128F9350E96,SOTJVKU12A8AE47E31,Lightspeed Champion,Galaxy Of The Lost
TRRJMDQ128F146CC0B,SOVOGCY12A67AE17C9,ALO (Animal Liberation Orchestra),Spectrum
TRRJMSQ128EF34DC14,SOLTLKB12A6D4FA9F8,Y&T,Go For The Throat
TRRJMNE12903CBD454,SOVVCDK12AB0184A74,Ubar Tmar,Flying Saucer Landing
TRRJMIG128E0781AB4,SOKWLUB12A58A79C36,Syd Barrett,Rats
TRRJMFY128F92FD5C2,SONPLLY12A8C1430CC,Isildurs Bane,La Ruche_ Studio Nos. 3_4 & 7
TRRJMZB128F14610C2,SOBSARL12A6D4F7E76,Diana Krall,Deed I Do
TRRJMHI128F92E3CD5,SONTXUQ12AB018116F,From Dying Skies,The Dive
TRRJMRV128F42891C3,SOYLAOB12A8C1342AE,Peaches & Herb,Shake Your Groove Thing
TRRJMET128C719653A,SOXNJET12A6310D7E1,Smokey Robinson & The Miracles,I Need A Change
TRRJMKH128F4250F30,SOIGFCY12A81C20760,Booker T. & The M.G.'s,The Letter
TRRJMRY128EF344058,SOEFNDI12A58A7CEE9,Lee Ritenour,Povo
TRRJMDR128F92E087A,SOCRUFS12A8C140215,Francisco BochatÃ³n,Por la flor
TRRJMYM128F4259501,SOSBZOB12A8C13800E,Wilson Pickett,If You Need Me (All Of Me Mix)
TRRJMIG128F4284166,SOHHVIL12A8C1384B9,Nena,Utopia
TRRJMAH128F14959B4,SOLRJIY12AAA15EAFA,Delbert McClinton,Love Rustler
TRRJMMV128F92FA91B,SOZEJLP12AB017F7DB,Los Caminantes,La Muerte De La Mafia
TRRJMEC128EF3563A1,SONEFNM12A6D4F56BD,Vanity Fare,Hitchen A Ride
TRRJMAJ128F92C92E2,SOEYUHK12A8C142FE1,Yesterday's Rising,Premonitions
TRRJMEN128F4285B32,SOZDQQL12A8C13BFB9,Susana Baca,De Los Amores
TRRJMHF12903CC62D3,SOOEQUQ12AB018A936,Dark Funeral,Atrum Regina
TRRJMQZ128F932DF55,SOOMVGR12AB01839D8,The Rapiers,Barney's Blues
TRRJMZV128F933B1BF,SOUOIJL12AB01831FD,Itchy Poopzkid,Big Shot
TRRJMIE128F14A4218,SOATDGX12A6D4FBEC8,Cher,When Lovers Become Strangers
TRRJMIQ12903CEF5F6,SOUBIIF12AC3DFB191,Johnny Desmond,It Ain't Necessarily So
TRRJMNT12903CAB0B2,SOIHTCV12AB01858A1,Obk,Falsa Moral (Radikal Version) (Remix)
TRRJMYM128F9320F56,SOWMVQT12AB017D006,Magtens Korridorer,Tilt
TRRJMPW128F9347FA4,SOWIQAL12AF729D0C2,MJ Cole featuring Tubby T,When You Said You Loved Me
TRRJMQF128F92F585D,SOEJFWS12AAFF43807,The Pope,Grandma's Mountain Boogie
TRRJMPQ128F9337559,SOATAPX12AB0180AE6,The Gurus,Sleeping Girl
TRRJMFQ128F92CF15C,SOWHMJC12A8C1453BE,Mata Ratos,Os Pratos da BalanÃ§a
TRRJMXE128F426AADC,SOYPCKF12A8C135779,Jazzamor,Icy
TRRJMMK128F9308635,SOYPTQW12AB017C3A2,Hazard,ZAKROKANO MORJE
TRRJMWG128F92F68B8,SOYQAZU12AB01807DA,Viktoria Tolstoy,Holy Water
TRRJMZU128F42BBC75,SOWELTY12A8C13FA86,Malu,DesafÃ­o
TRRJMJQ128F92F949A,SOKVUOE12AB0181E3F,Adam Faith,A Message To Martha (Kentucky Bluebird)
TRRJMLM128F42A4D87,SOOLMJM12A8C13C14E,Rockin' Da North,Star Warz Extended
TRRJMUY128F14657D0,SOSHOCX12A6D4F7DC1,Twinkle Brothers,Keep On Trying (2002 Digital Remaster)
TRRJMNC128F92F9B58,SOZHCMQ12A8C142FAB,The SlimP,3:00 AM
TRRJMIL128F9304726,SOFXUGJ12AB0181529,Nucleus Roots,I Want To Be Free
TRRJWMO128F426A149,SODZYOU12A8C13496D,Darude,Sandstorm
TRRJWOW128F9317E9B,SOSLKOI12AB0185166,Charles Mingus,Los Mariachis
TRRJWBX12903C9BF9F,SOEJZBH12AB018A035,Haley Bonar,Mayday
TRRJWRB128F934B370,SOCDPMF12A8C133DDF,Brainstorm,Shivas Tears
TRRJWGK128F4236EE1,SOWOJRU12A81C21D96,Bob Gibson,Baby_ I'm Gone Again (LP Version)
TRRJWAV128F92EF299,SOLOOPT12A8C143BE4,Set Your Goals,gaia bleeds (make way for man)
TRRJWXK128F147C339,SOENZZS12A6D4F8EB4,Steve Forbert,Til The End Of The Day (Album Version)
TRRJWDH128F146B32C,SOHYKFP12A6D4F8412,Morning Runner,People Line Up The Halls
TRRJWGI128F9315AE4,SOXEUJN12A8C140DC3,Lano Places,Walk Again
TRRJWOC128F42819CA,SOZGNZJ12A8C13A0E1,The Re-Mains,Walk Slowly
TRRJWJE128F93308EB,SORXCTB12AB01822A1,Herman's Hermits,Hold On
TRRJWMI128F428979B,SOBXADE12A8C13790C,Eugene Ormandy,Silent Night
TRRJWUK128F428DDBC,SOLVGFY12A6D4F7204,Spiller,Groovejet (If This Ain't Love) (Radio Edit) (feat. Sophie Ellis-Bextor)
TRRJWKY12903CAF5B5,SOTAATV12A8C1360B8,nor elle,Oriental Fusion
TRRJWSM128F93433BE,SOKADWN12A58A7D52B,Los Tres,Te Desheredo
TRRJWVO128F932AF63,SOEYWOQ12AB0183728,Jesse Davis,Oh! Susannah (LP Version)
TRRJWLG128F92FA809,SOWGYIV12A8C146211,Big Head Todd and The Monsters,Boom Boom (Album Version)
TRRJWJQ128F148AE36,SOYXEUZ12A6D4FB430,Jerzee Monet,Stop My Flow
TRRJWUB128F9312A92,SOSQALG12AB01833DB,Nirvana,Breed
TRRJWJP128F933DCA5,SOKBGYJ12AB01834E7,Urlaub In Polen,The Case Of Getting From C to D
TRRJWKM128F14958A5,SONRRGX12A6D4FA2A1,Ready For The World,Ceramic Girl
TRRJWEQ128F931C7A0,SODUFJY12AB017FFA0,Joss Stone,Lady
TRRJWSS12903CED3EA,SODKGGO12AC4689437,JosÃ© Carreras,Questo o quella
TRRJWCP128F931472E,SOTFTFV12AB017B901,Bear In Heaven,Casual Goodbye
TRRJWUP128F14614A2,SOATDKV12A6D4F7AA9,Judy Garland,Do It Again
TRRJWNT128F92FBF53,SOPHAOO12AB0180210,Daphne Loves Derby,Kirby
TRRJWXJ128F42931B2,SOOPDHN12A8C13CC2B,Klaus Badelt,Rain
TRRJWAL12903CFFCE3,SOTYCTS12AC4688E5B,Terrance Simien,It Makes No Difference
TRRJWKG12903CD1A18,SOOOQHT12AB018BE34,Cabaret Voltaire,Nag Nag Nag (Akufen's Karaoke Slam Mix)
TRRJWXN128F92D3827,SOPJKXJ12A8C142053,Brian Hyland,Holiday For Clowns
TRRJWUA128F42622AC,SOHDJPX12A8C130B0C,POLINA,Pia Porta N Anixo
TRRJWFZ128F931A0D4,SOYJSZI12AB017F6D5,Bo Kaspers Orkester,NÃ¤r Du RÃ¶r Dig
TRRJWZO128F930C1B3,SOGAEQI12A58A7886D,Vakill,Farewell To The Game
TRRJWXX128F42817B7,SOOBETX12A8C13E9D7,Secos And Molhados,Assim Assado
TRRJWTE128F92E7FA8,SOSSEXK12A58A7C2F5,Maurice Larcange,Plein Soleil
TRRJWHI128F92EB80E,SOACWQZ12A67ADE5EC,The Smiths,William_ It Was Really Nothing
TRRJWHL128F146903E,SOAPRPW12A6D4F81F5,Alliance Ethnik,L'original
TRRJWSU12903D00938,SOQQWVG12AB0182F77,DZ,Regulate (Pirate Soundsystem Remix)
TRRJWDE128F9323350,SOLHLVE12A58A77C5E,Jonny Polonsky,Uh-Oh
TRRJWYM12903CB0343,SOMBQPO12AB0188E78,Morgan Heritage,Can't Get We Out
TRRJWMI128F9336C55,SOOUFGZ12AB018A0ED,Conroy Smith,Original
TRRJWRO128F4263E62,SOGWNZA12A8C133CE3,"Weird Al"" Yankovic",Wanna B Ur Lovr
TRRJWYT128F92EE9E3,SOGJMGV12AB0183815,Mario Rosenstock,The Nativity
TRRJWNZ128F42309F2,SOOXIQY12A6D4FB7BA,Tony,Wer Hat Mir Die Rose Auf Den Hintern TÃ¤towiert?
TRRJWPE128F1468DEF,SOVFZZC12A58A7C4DC,Sheila Chandra,A Sailor's Life
TRRJWZB128F92D86C1,SORSOAC12A8C13E72A,Angel City Outcasts,Let It Ride
TRRJWGB128E0782D02,SOSTNIH12A6310F2CA,David Bowie,Let's Dance (1999 Digital Remaster)
TRRJWAN128E0783B93,SOPYRDQ12A58A802E8,Squad Five-0,Keep Me Up At Night
TRRJWSH128F9339B53,SOGHYQL12AB0188538,Tim Carroll,Puts The Sugar On
TRRJWTK128F42311C4,SOMDWCG12A6D4FBDC1,By The Tree,Root Of It All (LP Version)
TRRJWKN12903CA4538,SOJPVOV12AB0183AB4,Luiz Melodia,Pra Aquietar
TRRJWGN128F428F7FA,SOCGHZG12A8C13C579,THE EYE,President
TRRJWXT128F92D99DC,SOCQCNW12A8C143368,West End Orchestra & Singers,A Lotta Locomotion - Sound-a-like Cover
TRRJWDW12903C9852F,SOHOVIE12AF72A803D,Jamie T,British Intelligence
TRRJWJI12903CFC98E,SOVLHAV12AF72A512C,Silkk The Shocker,Haters (feat. Samm)
TRRJWMK128F4255455,SOLFHWO12AF72A1845,Bootsy Collins,I'd Rather Be With You (Album Version)
TRRJWCI128E0795410,SOCLCSW12A58A78A3B,The Zombies,Indication
TRRJWUQ128F423931A,SOAEKVV12A8AE4742B,The Watts 103rd. Street Rhythm Band,(I Can't Get No) Satisfaction (Remastered Mono Version)
TRRJWCI128F428115F,SOBSQUE12A8C1398F1,Vox Celesta,So lebte Pearly Spencer
TRRJWLF128F9339EC7,SOLYMED12AB0183984,Paul Van Dyk Featuring Ashley Tomberlin,Complicated (Tom Colontonio Remix) (Feat. Ashley Tomberlin)
TRRJWNV128F933A420,SOJYLLA12AB018004C,Zuzana Smatanova,Vzdialenost
TRRJGQS128F4271CA1,SOMCUHF12A8C135DFA,Hangar 18,Bakin Soda
TRRJGCY128F4240F64,SOPVPJS12A8AE4820E,Fairport Convention,Quiet Joys Of Brotherhood
TRRJGIR12903CBA1AD,SOSATTN12AB0187E6E,Hecenia,Capricorne / Ultime condensation de la matiÃ¨re
TRRJGWA12903CC5A63,SOQDGDO12AB018A9C2,Girls Under Glass,Whatever Makes You Happy
TRRJGIW128F934C127,SOUWLZY12A8C132F22,Left Lane Cruiser,Mr. Johnson
TRRJGRE128E07999D8,SOAFXIZ12A67AE0CBD,Ms. Dynamite,Not Today
TRRJGLI128F92EF9B7,SOTIDKU12AB017BD85,Passion Pit,Make Light
TRRJGTL128F146036D,SOVVPCZ12A6D4F94BA,Heart,Black On Black II (2000 Digital Remaster)
TRRJGFB128F423D249,SOZJZTP12A8AE47030,Luis Miguel,Intro - La Banda
TRRJGRP128F92F9C97,SOMPWIE12A8C142C1F,Steve Davis_ Steve Davis Sextet_ Jim Rotondi _ Eric Alexander_ David Hazeltine_ Nat Reeves_ Joe Farnsworth,One For All
TRRJGAY12903CA899C,SOHKHTK12A8C1413FF,Kids In The Way,Farewell
TRRJGPZ128F9309609,SOSPYUH12AB017AAF7,Van Morrison,Chickie Coo
TRRJGQU128F934B53C,SOGKWLT12A8C130D64,As I Lay Dying,Meaning in Tragedy
TRRJGRU128F9300D46,SOXCXLS12AAA8C7978,Common Enemy,Beer Bong
TRRJGLH128F934101B,SOWFNXX12AB01894DA,Aerolineas Federales,No me gusta bailar
TRRJGYB128F9343229,SOANDEO12AB018646C,Sizzla,Renegae
TRRJGDN128F9327C54,SOMBZTN12D02193825,R. Kelly featuring The Notorious B.I.G.,(You To Be) Be Happy
TRRJGHY12903CE4519,SOLDUAB12AC3DF94E9,Jorge Velosa,Para Con Papas Y Aji
TRRJGYE128F92DF6F2,SOUIAWW12AAF3B18D6,Blood_ Sweat & Tears,Go Down Gamblin'
TRRJGHH128F4253B3A,SOUPTVD12A81C2061B,La Mosca Tse-Tse,Magali
TRRJGLY128F4294892,SOXRNWM12A58A79A46,Mecano,Me Voy De Casa
TRRJGGA128F92D154B,SODMAJV12A8C140D0E,Kasms,Murmer
TRRJGMO128F42458DF,SOFPGPG12A8C130B09,Dave Dudley,Oh Come All Ye Faithful
TRRJGXJ128F933B4B8,SOEOTSU12AB017E5B4,Alex Gopher,Brain Leech (Bugged Mind Remix)
TRRJGYT128F92FE301,SOERLMC12A58A789AF,God Help The Girl,Pretty Eve In The Tub
TRRJGIO128F92C4E10,SONKACY12A8C140AF2,Hanna,The Race
TRRJGSJ128F428F01C,SOXNAJS12A8C139F05,Roger Whittaker,Somewhere My Love
TRRJGQN128F429CA84,SOELUTO12A8C13E463,Gordon Haskell,Keep On Putting In
TRRJGCJ128F148640E,SOEOIFF12A6D4F8F86,Kelis,Handful
TRRJGOV128F933E85F,SOZZFVE12AB0181396,Magnus Carlson,Willow Weep For Me
TRRJGPB128F4281A8D,SOKJFLQ12A6BD55718,Jarvis Cocker,Don't Let Him Waste Your Time
TRRJGLC128F423782D,SOMGKMS12A81C21E91,The Germs,Shut Down [Annihilation Man]
TRRJGTW128F427EDDB,SOGQALZ12A8C137202,Jack Ingram,Younger Days
TRRJGLJ128E0788E65,SONYGZI12A6701C517,YOURCODENAMEIS:MILO,The General
TRRJGBT12903CF6AC6,SOBQFBB12AC9618700,NaÃ§Ã£o Zumbi,del chifre's beach
TRRJGQB128F4289508,SOPUMXB12A8C1386C0,Al Hirt,Elmer's Tune
TRRJGPQ128F931B291,SOZFEEI12AB0183781,Ammoncontact,Dreamy
TRRJGAZ128F42B904D,SOVQYCP12A8C142970,Sigur Ros,Death Announcements and Funerals
TRRJGRV128F1458A6A,SOVWBRB12A6D4F64B3,Bill Bruford,One Of A Kind - Part Two
TRRJGCV128F1496CC9,SOFMLUE12A6D4F9DBA,Alberto Plaza,Sentencia
TRRJGTF12903CAC416,SORRDIK12AB0184240,Detroit Social Club,Never Too Late To Try
TRRJGXG128F4282B5D,SOJMCJF12A8C13EFB7,Tommy McCook,Green Mango
TRRJGJA128F42873BF,SOKTFZY12A8C140951,Superchumbo,Irresistible
TRRJGNW128F427927D,SODPCYM12A8C13895B,Franco Battiato,Borgo
TRRJGDM128F9302699,SOZTSAQ12AC9E14FFD,Los Amigos Invisibles,Intro
TRRJGOP12903CDE8B0,SOJQRAP12A58A7B8D1,X-Raided,Still Shootin'
TRRJGSE128F4282F1D,SOJZVJW12A8C13B891,Metronomy,My Heart Rate Rapid [Original]
TRRJGUP12903CA0CC6,SOECIVZ12A58A7EB1B,Christian McBride,Guajeo y Tumbao (feat. Eddie Palmieri)
TRRJGNL128F14728C4,SOBENSM12A6D4FA0CF,Bon Voyage,Together
TRRJHKZ128F1465684,SOLTBWK12A6D4F7F9E,Saian Supa Crew,Soldat 1
TRRJHJW128F92DE056,SOTCGMU12A8C141EE9,Kurt Elling,They Say Its Wonderful
TRRJHQM128E0798528,SOYBQLS12A67ADF3FD,Queen + Paul Rodgers,Can't Get Enough (Live)
TRRJHEE128F426F533,SOTPYXK12A58A7E25B,Ajoy Chakrabarty,Raga Bihag - Khyal
TRRJHRV128F93282D1,SOFETQI12A8C13C7D4,Buddy Guy & Junior Wells,What I'd Say (It's All Right)
TRRJHVM128F931CA2C,SOSDPTV12AB01819D0,1349,Maggot Fetus... Teeth Like Thorns
TRRJHSW128F4223219,SOLMDGT12A81C22592,Company B,I Wanna Be Your Lover
TRRJHZO12903C991DF,SOHUEBS12AB018B9D0,Yami Bolo,Babylon Is Out a Control
TRRJHTT128F932DEBD,SOHIIGV12AB018803A,Kami Kaze Inc.,Sprang On Em
TRRJHFA128E079398C,SOCAQIE12A679D8AB3,The Creatures,Wild Thing
TRRJHKK12903CF47E7,SODZIGM12A67ADB18A,Moonspell,Opium
TRRJHVJ128F93088D9,SOAERQX12AB0182D12,Eddi Reader,Ye Jacobites
TRRJHOI12903CF9F9B,SOPLUJV12AB018A4A2,Paco PeÃ±a,Tango mayor y menor
TRRJHZA12903D05EAF,SOJLEMB12AC468E332,The Beyond,Day Before Tomorrow
TRRJHPD12903D084D7,SOCDNPM12AC468D806,Dom Dummaste,Jesu Kristi 100 Krig 1993
TRRJHUK128F9309129,SOHQNIE12AB017DE0A,Los Abuelos De La Nada,Sintonia Americana
TRRJHBN128F933143D,SOKDHCK12AB018697D,Sandrine,Stars Can See
TRRJHGM12903CF5828,SOOMUTB12AB0185C64,Eddie Kirkland,Nightgirl
TRRJHCN12903CE2A43,SOAJBLM12A8C1431CA,Slow Club,Our Most Brilliant Friends
TRRJHYJ128F933FCC6,SOKXPPU12AB017EE74,Rey Ruiz,Perdoname
TRRJHTR12903CAF2EC,SORCPVV129F06A6F35,Alexandre Desplat,N.D.E
TRRJHIF128F4241508,SOOXQIP12A8C133211,Bobby Rush,Jezebel
TRRJHCC128F42AF9C8,SOCSHID12A8C13F959,Hanna Pakarinen,Falling Again
TRRJHYJ128F148D7FD,SOJIDTI12A58A797E7,Zucchero,Donne
TRRJHIZ128F933DDC1,SOCBNLB12AB0182B09,Capleton,Turn & Spin
TRRJHLO128E0792237,SOVGNHC12AB017E3F5,Soledad Brothers,Sons Of Dogs
TRRJHFU128F4299617,SONFPQH12A8C1410BD,Doc & Merle Watson,More Pretty Girls Than One
TRRJHAT128F421A46B,SOQPWAQ12A6D4FCD1F,Radney Foster,Another Way To Go
TRRJHVJ128F42A48CD,SOGDDBM12A8C13C230,Rino Gaetano,E Io Ci Sto
TRRJHCH128F4289401,SODXHAG12A8C13ACCD,Cesare Cremonini,Le tue parole fanno male (live)
TRRJHXX128F42A076F,SOVFEPJ12A8C13BCD9,Pariisin KevÃ¤t,Kaikki voi muuttuu
TRRJHNZ128F931EB13,SOIKMGH12A58A7A3CF,Sirenia,Beyond Lifes Scenery
TRRJHHF128F428663F,SOWZJIF12A8C13D4DB,Dazkarieh,Kriamideah 3
TRRJHMH128F14926E2,SORPQBI12A6D4F9BEA,Nik Kershaw,Walkabout
TRRJHIQ128F4229B4B,SOKUURM12A8151BAAC,Terje Rypdal,Morning Lake
TRRJHDJ128F9338D8B,SORBTUE12AB018659E,Charming,Radio
TRRJHKC128F146C56E,SOLIBAC12A6D4F8A06,Flowered Up,Silver Pan
TRRJHTO12903CD25AF,SOPROTY12AB0188443,Freddy Fender,The Girl Who Waits Tables
TRRJHZR128F930ABD6,SOCAPRK12AB018274D,Ice,Don't Say That You Love Me
TRRJHXA128F92C4D03,SOMJMPI12A8C141179,Alphabeat,10_000 Nights (Mac Smack Remix)
TRRJHBQ128F429525B,SOKTHPP12A8AE47F2A,JET,Are You Gonna Be My Girl (Album Version)
TRRJHLX12903D002E4,SONCBJI12AC468724B,Dna2,Gia' cosi diverso
TRRJHWD128F1458A12,SONDCIJ12A58A7D6DE,Manowar,All Men Play On Ten
TRRJHGE128F42622EB,SOJBSYA12A8C131C42,Peggy Lee,I'm Walkin' (Digitally Remastered 04)
TRRJHNB128EF351BF1,SOKHWRN12A6D4F2E9D,Armand Van Helden,I Want Your Soul
TRRJHRW128F931BCD2,SOWBHBP12AB017FA22,Setrise,Courtley Senses
TRRJCHP128F425961F,SOWWWNK12A8C1358CA,George Shearing / The Montgomery Brothers,Darn That Dream
TRRJCNC128F1495CB1,SODGZSC12A6D4FBB92,John Mayer / Joe Harriott,Subject
TRRJCMC128F42969F7,SOAHCXP12A8C13F0E4,Secret Machines,Blue Jay Way
TRRJCLS12903CBE2AB,SOFOXGH12AB01860C1,Dush Tray,I'll Rather Lounge
TRRJCPN12903CD4D4A,SOMJRXX12AB0189337,Hanns Dieter HÃ¼sch,Wenn Meine Frau Ihren Mann Im Fernsehen Sieht
TRRJCAJ128F425A7A9,SOYNLIX12A58A7A374,Mink DeVille,Savoir Faire
TRRJCRP128F42583D6,SOIQGFF12A8C13823D,Lunachicks,Yeah
TRRJCBX128F932E932,SOIYRHW12AB01867A8,Vicky Leandros,Den Yparchoume Pia (Aeroplana Sti Koilia) (Starker Als Die Nacht)
TRRJCBA128F934644F,SOFFZUS12AB018865D,Bongo Chilli,Back a Yard
TRRJCRZ128F426475B,SOALCOH12A8C13296C,Love 666,Preparation For Combat
TRRJCUV128EF351AD0,SOGMHOJ12A6D2282AA,Shearwater,Red Sea_ Black Sea
TRRJCBM12903CF31C4,SOAMYWK12AC960A012,Severed Heads,Golden Boy
TRRJCZR128F4281F2F,SOPKYVE12A8C13EF8B,Delly Ranks,Tek It To Dem
TRRJCJQ128F146AE98,SOZPNQD12A6D4F71C5,Lee Morgan,Suicide City
TRRJCOH128F932CC81,SORJIKL12AAF3B2E40,Montt Mardie,Modesty Blaise
TRRJCCD128F42A10E4,SOKCOWR12A8C13BE42,Escuela De La Calle,Pasesito
TRRJCTU128F422C032,SOXUKXI12A6D4FB4E9,Heiner Goebbels,Il Eut Du Mal
TRRJCVI128F4231FC7,SOKJKMA12A8AE4707C,Them Wranch,Satan Sold Out
TRRJCPJ128F9331C7B,SOUDZOY12A8C13C9A5,The Mother Truckers,Kaki's Song (album)
TRRJCIW128F4245100,SOGYMYP12A58A7AFCE,Jon Auer,Baby Bitch
TRRJCAA128F4242194,SOYPBVS12A6D4F9F63,The Doors,Mean Mustard Blues  (Live In Detroit) (LP Version)
TRRJCUS12903CC752A,SOUKZMV12AB018DDF8,DJ Ostkurve vs. Soccer DJ,The Name of the Game (Ole Ole Ole) (Extended Mix)
TRRJCQB128F92E2782,SOBQGKF12A8C13984E,Vibrant,Express Yourself
TRRJCBF128F92E4185,SOMZGFV12A8C14537C,Ustad Nusrat Fateh Ali Khan,Dumardum (Dholkimix)
TRRJCQK12903CA25DD,SOXUHUR12AB0186B96,Organized Konfusion,Questions
TRRJCVG128F428C4B7,SOMKKFZ12A8C13A66F,Sanna Nielsen,LÃ¥t mig fÃ¥ tÃ¤nda ett ljus (Schlafe Mein Prinzchen)
TRRJCRJ128F92F3A9E,SOZBGKF12AB017A847,Novalima,Alcajazz
TRRJCKW128F429299E,SOTFNMC12A8C13A8A0,A Tribe Called Quest,Go Ahead In The Rain
TRRJCYE12903CB4B13,SOOTDTY12A6D4F7C12,Nitzer Ebb,Shame (Mix No.1 - Radiomix)
TRRJCZV128F92DF374,SOSLHQU12A8C142920,311,Mix It Up
TRRJCAX128F4273B59,SOPVHOS12A8C13BA0C,Dada,Get ready to the beat
TRRJCLF128F145404F,SOEVLZW12A6D4F7B86,Dane Cook,Bonus Track (LP Version)
TRRJCXB128F9308C16,SOICFSJ12AB017C1DE,Phil Coulter,From A Distance
TRRJCLA128EF34B2CA,SOHTQCA12A6BD522C8,Shabba Ranks,Hardcore Loving (Shabba Solo Cut)
TRRJCVP128F9343537,SOUQIDP12AB0183899,Veltto Virtanen,Juudas itselleen (HÃ¤rmÃ¤rock live 1979)
TRRJCJY12903D0523C,SOCONVH12A58A7AED8,Sunny Day Real Estate,4-May
TRRJCFI128F1485B2B,SOZXJLK12A3F1ED15F,Lionel Richie,I Call It Love
TRRJCNM12903CF1565,SOLYTEH12AC9071411,Roj,What I saw
TRRJCZH128F14A8EDD,SOFDXAK12A6D4FAE0D,Sergio Mendes,Why (LP Version)
TRRJCRW128F92FB7A3,SOWCAKC12AB0184579,Howlin' Wolf,Ain't Superstitious
TRRJCHZ128F4270606,SOANZZR12A8C134DE5,Vivian Khor,Ancient Wanderer
TRRJCIJ12903CE7CF1,SOWGRGB12AC4688C10,Ricochet,Disobedience (Album Version)
TRRJCVN128EF35920B,SONKGTH12A6D4F5950,The American Boychoir,Nodle Kangbyon
TRRJCNS128F147E7F1,SODSNFR12A6D4F8D7E,LeToya Featuring Bun B And Jazze Pha,Tear Da Club Up (H-Town Version) (Feat. Bun B And Jazze Pha)
TRRJCAX128EF3686D2,SOBWXLA12A6D4F765F,fIREHOSE,Choose Any Memory
TRRJCSE12903CD5941,SOKHOBL12AB018AC6C,Few Nolder,Brenn
TRRJCSE12903CC2ADE,SOMEWLG12AB018C5F6,Der Blutharsch,Untitled 5
TRRJCGW128F4260C69,SOELKNA12A58A7F6E2,The Flesh,Gallows
TRRJCXZ128F92E53C3,SOQCZBN12A8C136A7C,The Dave Brubeck Quartet,Pennies From Heaven
TRRJRRI128F933E2DA,SOYFXYQ12AB018091E,The Bloody Beetroots,Talkin In My Sleep (feat.  Lisa Kekaula)
TRRJRYK128F9313F75,SOHQOQK12AB01808E1,Elba Ramalho,Corcel Na Tempestade
TRRJRKS128F92EEFB2,SOWPWWI12A8C14192A,Hydro,Fuck Outta Here
TRRJREN128F933FA46,SOCLVKR12AB01840E1,Maj Karma,VielÃ¤ yksi asia
TRRJREO128F932DE04,SOCNNIV12AB0183B31,Quantic,Mishaps Happening
TRRJRBS128F145F612,SOZBVEW12A6D4F9482,Les Yeux Noirs,Balamouk II
TRRJRRT12903CAF136,SOLIEAE12AB018C8FE,Amit,Myth
TRRJREN128F1498FB1,SONCHGG12A6D4FAD3E,Wes Montgomery,Oh_ You Crazy Moon
TRRJRKK12903CAC4CD,SOAVJUB12AB0185A80,David Cassidy,Rock Me Baby
TRRJRTL128F423855B,SOFJXYC12A81C23431,Steve Reich,Dolly:  Human Body Machine
TRRJRAG128F425E252,SOVJTKX12A8C136485,Barrence Whitfield,Music Keeps Rollin' On (Album Version)
TRRJRIR128F9319B9A,SOESRCL12AB01849AD,Spank Rock,Rick Rubin
TRRJRAV128F92DD501,SOMSRYY12A8C1459DB,Lemar,If She Knew
TRRJRKD128F426651C,SOUSYUV12A8C13248D,RODNEY CROWELL,Dancin' Circles Round The Sun (Epictetus Speaks)
TRRJRPY12903CFC955,SOOHPFM12AC9097BAB,Mia X,Thank You (feat. Mo B Dick)
TRRJRUU128F4294DC1,SONSYDA12A8C1403EB,Al Toomer,Props
TRRJRHE12903C9E09A,SOUDSZC12AB01841C3,SÃ­ntesis,Asoyin
TRRJRPX128F4245175,SOHICIU12A8C130EBE,Inspecter 7,Spy Front
TRRJRVX128F4256C43,SODYYQA12A8A9D773E,Heino,EdelweiÃŸ
TRRJRSC128F9309757,SOBNKUY12AB017C2C9,Memphis Slim,True Love
TRRJRMA128F9352C59,SOJYXFY12AB0187532,Darkstar,Aidy's Girl is a Computer
TRRJRSD128F92FB07F,SOLCVZA12AAFF415C1,Plastic Noise Experience,Das Ritual
TRRJROJ128F426580A,SOAKIPK12A58A7F578,Fast Times,Fifteen Minutes Of Shame
TRRJRKE128F92F8984,SODGKIA12AB0181D2E,Jimmy Dawkins,J.D.'s Jam
